{"v":"5.5.8","fr":25,"ip":0,"op":147,"w":1250,"h":500,"nm":"Composition 1","ddd":0,"assets":[],"fonts":{"list":[{"fName":"Inter-SemiBold","fFamily":"Inter","fStyle":"Semi Bold","ascent":72.7279663085938}]},"layers":[{"ddd":0,"ind":2,"ty":5,"nm":"- 7","sr":1,"ks":{"o":{"a":0,"k":100,"ix":11},"r":{"a":0,"k":0,"ix":10},"p":{"a":0,"k":[629.592,268,0],"ix":2},"a":{"a":0,"k":[0,0,0],"ix":1},"s":{"a":0,"k":[100,100,100],"ix":6}},"ao":0,"t":{"d":{"k":[{"s":{"s":22,"f":"Inter-SemiBold","t":"-","j":2,"tr":0,"lh":26.4,"ls":0,"fc":[0,0,0]},"t":0}]},"p":{},"m":{"g":1,"a":{"a":0,"k":[0,0],"ix":2}},"a":[]},"ip":56,"op":132,"st":56,"bm":0},{"ddd":0,"ind":3,"ty":5,"nm":"- 6","sr":1,"ks":{"o":{"a":0,"k":100,"ix":11},"r":{"a":0,"k":0,"ix":10},"p":{"a":0,"k":[613.164,268,0],"ix":2},"a":{"a":0,"k":[0,0,0],"ix":1},"s":{"a":0,"k":[100,100,100],"ix":6}},"ao":0,"t":{"d":{"k":[{"s":{"s":22,"f":"Inter-SemiBold","t":"-","j":2,"tr":0,"lh":26.4,"ls":0,"fc":[0,0,0]},"t":0}]},"p":{},"m":{"g":1,"a":{"a":0,"k":[0,0],"ix":2}},"a":[]},"ip":56,"op":132,"st":56,"bm":0},{"ddd":0,"ind":4,"ty":5,"nm":"- 5","sr":1,"ks":{"o":{"a":0,"k":100,"ix":11},"r":{"a":0,"k":0,"ix":10},"p":{"a":0,"k":[596.735,268,0],"ix":2},"a":{"a":0,"k":[0,0,0],"ix":1},"s":{"a":0,"k":[100,100,100],"ix":6}},"ao":0,"t":{"d":{"k":[{"s":{"s":22,"f":"Inter-SemiBold","t":"-","j":2,"tr":0,"lh":26.4,"ls":0,"fc":[0,0,0]},"t":0}]},"p":{},"m":{"g":1,"a":{"a":0,"k":[0,0],"ix":2}},"a":[]},"ip":56,"op":132,"st":56,"bm":0},{"ddd":0,"ind":5,"ty":5,"nm":"- 4","sr":1,"ks":{"o":{"a":0,"k":100,"ix":11},"r":{"a":0,"k":0,"ix":10},"p":{"a":0,"k":[580.307,268,0],"ix":2},"a":{"a":0,"k":[0,0,0],"ix":1},"s":{"a":0,"k":[100,100,100],"ix":6}},"ao":0,"t":{"d":{"k":[{"s":{"s":22,"f":"Inter-SemiBold","t":"-","j":2,"tr":0,"lh":26.4,"ls":0,"fc":[0,0,0]},"t":0}]},"p":{},"m":{"g":1,"a":{"a":0,"k":[0,0],"ix":2}},"a":[]},"ip":56,"op":132,"st":56,"bm":0},{"ddd":0,"ind":6,"ty":5,"nm":"- 8","sr":1,"ks":{"o":{"a":0,"k":100,"ix":11},"r":{"a":0,"k":0,"ix":10},"p":{"a":0,"k":[563.878,268,0],"ix":2},"a":{"a":0,"k":[0,0,0],"ix":1},"s":{"a":0,"k":[100,100,100],"ix":6}},"ao":0,"t":{"d":{"k":[{"s":{"s":22,"f":"Inter-SemiBold","t":"-","j":2,"tr":0,"lh":26.4,"ls":0,"fc":[0,0,0]},"t":0}]},"p":{},"m":{"g":1,"a":{"a":0,"k":[0,0],"ix":2}},"a":[]},"ip":56,"op":132,"st":56,"bm":0},{"ddd":0,"ind":7,"ty":5,"nm":"- 3","sr":1,"ks":{"o":{"a":0,"k":100,"ix":11},"r":{"a":0,"k":0,"ix":10},"p":{"a":0,"k":[547.45,268,0],"ix":2},"a":{"a":0,"k":[0,0,0],"ix":1},"s":{"a":0,"k":[100,100,100],"ix":6}},"ao":0,"t":{"d":{"k":[{"s":{"s":22,"f":"Inter-SemiBold","t":"-","j":2,"tr":0,"lh":26.4,"ls":0,"fc":[0,0,0]},"t":0}]},"p":{},"m":{"g":1,"a":{"a":0,"k":[0,0],"ix":2}},"a":[]},"ip":56,"op":132,"st":56,"bm":0},{"ddd":0,"ind":8,"ty":5,"nm":"- 2","sr":1,"ks":{"o":{"a":0,"k":100,"ix":11},"r":{"a":0,"k":0,"ix":10},"p":{"a":0,"k":[531.021,268,0],"ix":2},"a":{"a":0,"k":[0,0,0],"ix":1},"s":{"a":0,"k":[100,100,100],"ix":6}},"ao":0,"t":{"d":{"k":[{"s":{"s":22,"f":"Inter-SemiBold","t":"-","j":2,"tr":0,"lh":26.4,"ls":0,"fc":[0,0,0]},"t":0}]},"p":{},"m":{"g":1,"a":{"a":0,"k":[0,0],"ix":2}},"a":[]},"ip":56,"op":132,"st":56,"bm":0},{"ddd":0,"ind":9,"ty":5,"nm":"4 ","sr":1,"ks":{"o":{"a":0,"k":100,"ix":11},"r":{"a":0,"k":0,"ix":10},"p":{"a":0,"k":[514.587,268,0],"ix":2},"a":{"a":0,"k":[0,0,0],"ix":1},"s":{"a":0,"k":[100,100,100],"ix":6}},"ao":0,"t":{"d":{"k":[{"s":{"s":22,"f":"Inter-SemiBold","t":"4","j":2,"tr":0,"lh":26.4,"ls":0,"fc":[0,0,0]},"t":0}]},"p":{},"m":{"g":1,"a":{"a":0,"k":[0,0],"ix":2}},"a":[]},"ip":56,"op":132,"st":56,"bm":0},{"ddd":0,"ind":10,"ty":5,"nm":"PIN code","sr":1,"ks":{"o":{"a":0,"k":100,"ix":11},"r":{"a":0,"k":0,"ix":10},"p":{"a":0,"k":[572.945,238.5,0],"ix":2},"a":{"a":0,"k":[0,0,0],"ix":1},"s":{"a":0,"k":[100,100,100],"ix":6}},"ao":0,"t":{"d":{"k":[{"s":{"s":18,"f":"Inter-SemiBold","t":"PIN code","j":2,"tr":0,"lh":21.6,"ls":0,"fc":[0.812,0.969,0.992]},"t":0}]},"p":{},"m":{"g":1,"a":{"a":0,"k":[0,0],"ix":2}},"a":[]},"ip":56,"op":132,"st":56,"bm":0},{"ddd":0,"ind":12,"ty":4,"nm":"Calque de forme 12","sr":1,"ks":{"o":{"a":0,"k":100,"ix":11},"r":{"a":0,"k":180,"ix":10},"p":{"a":0,"k":[480,247.75,0],"ix":2},"a":{"a":0,"k":[-90,3.75,0],"ix":1},"s":{"a":0,"k":[100,100,100],"ix":6}},"ao":0,"shapes":[{"ty":"gr","it":[{"ind":0,"ty":"sh","ix":1,"ks":{"a":0,"k":{"i":[[0,0],[0,0],[1.75,-1.792]],"o":[[-1.875,-1.833],[0,0],[0,0]],"v":[[-84.656,6.484],[-90.25,1],[-96.125,6.75]],"c":false},"ix":2},"nm":"Tracé 1","mn":"ADBE Vector Shape - Group","hd":false},{"ty":"st","c":{"a":0,"k":[0.811764765721,0.968627510819,0.992156922583,1],"ix":3},"o":{"a":0,"k":100,"ix":4},"w":{"a":0,"k":1.5,"ix":5},"lc":1,"lj":1,"ml":4,"bm":0,"nm":"Contour 1","mn":"ADBE Vector Graphic - Stroke","hd":false},{"ty":"tr","p":{"a":0,"k":[0,0],"ix":2},"a":{"a":0,"k":[0,0],"ix":1},"s":{"a":0,"k":[100,100],"ix":3},"r":{"a":0,"k":0,"ix":6},"o":{"a":0,"k":100,"ix":7},"sk":{"a":0,"k":0,"ix":4},"sa":{"a":0,"k":0,"ix":5},"nm":"Transformer "}],"nm":"Forme 1","np":3,"cix":2,"bm":0,"ix":1,"mn":"ADBE Vector Group","hd":false}],"ip":56,"op":132,"st":56,"bm":0},{"ddd":0,"ind":13,"ty":4,"nm":"Calque de forme 11","sr":1,"ks":{"o":{"a":0,"k":100,"ix":11},"r":{"a":0,"k":0,"ix":10},"p":{"a":0,"k":[757,245,0],"ix":2},"a":{"a":0,"k":[0,0,0],"ix":1},"s":{"a":0,"k":[100,100,100],"ix":6}},"ao":0,"shapes":[{"ty":"gr","it":[{"ind":0,"ty":"sh","ix":1,"ks":{"a":0,"k":{"i":[[0,0],[0,0],[0,0]],"o":[[-1.875,-1.833],[0,0],[0,0]],"v":[[-85,6.125],[-90.25,1],[-95.5,6.375]],"c":false},"ix":2},"nm":"Tracé 1","mn":"ADBE Vector Shape - Group","hd":false},{"ty":"st","c":{"a":0,"k":[0.811764765721,0.968627510819,0.992156922583,1],"ix":3},"o":{"a":0,"k":100,"ix":4},"w":{"a":0,"k":1.5,"ix":5},"lc":1,"lj":1,"ml":4,"bm":0,"nm":"Contour 1","mn":"ADBE Vector Graphic - Stroke","hd":false},{"ty":"tr","p":{"a":0,"k":[0,0],"ix":2},"a":{"a":0,"k":[0,0],"ix":1},"s":{"a":0,"k":[100,100],"ix":3},"r":{"a":0,"k":0,"ix":6},"o":{"a":0,"k":100,"ix":7},"sk":{"a":0,"k":0,"ix":4},"sa":{"a":0,"k":0,"ix":5},"nm":"Transformer "}],"nm":"Forme 1","np":3,"cix":2,"bm":0,"ix":1,"mn":"ADBE Vector Group","hd":false}],"ip":56,"op":132,"st":56,"bm":0},{"ddd":0,"ind":15,"ty":4,"nm":"Calque de forme 5","sr":1,"ks":{"o":{"a":0,"k":100,"ix":11},"r":{"a":0,"k":-117,"ix":10},"p":{"a":0,"k":[368.759,390.759,0],"ix":2},"a":{"a":0,"k":[-451.241,-109.241,0],"ix":1},"s":{"a":0,"k":[100,100,100],"ix":6}},"ao":0,"ef":[{"ty":22,"nm":"Trait","np":13,"mn":"ADBE Stroke","ix":1,"en":1,"ef":[{"ty":10,"nm":"Chemin","mn":"ADBE Stroke-0001","ix":1,"v":{"a":0,"k":0,"ix":1}},{"ty":7,"nm":"Tous les masques","mn":"ADBE Stroke-0010","ix":2,"v":{"a":0,"k":0,"ix":2}},{"ty":7,"nm":"Contour séquentiel","mn":"ADBE Stroke-0011","ix":3,"v":{"a":0,"k":1,"ix":3}},{"ty":2,"nm":"Couleur","mn":"ADBE Stroke-0002","ix":4,"v":{"a":0,"k":[1,1,1,1],"ix":4}},{"ty":0,"nm":"Epaisseur","mn":"ADBE Stroke-0003","ix":5,"v":{"a":0,"k":2,"ix":5}},{"ty":0,"nm":"Dureté","mn":"ADBE Stroke-0004","ix":6,"v":{"a":0,"k":0.75,"ix":6}},{"ty":0,"nm":"Opacité","mn":"ADBE Stroke-0005","ix":7,"v":{"a":0,"k":1,"ix":7}},{"ty":0,"nm":"Début","mn":"ADBE Stroke-0008","ix":8,"v":{"a":0,"k":100,"ix":8}},{"ty":0,"nm":"Fin","mn":"ADBE Stroke-0009","ix":9,"v":{"a":0,"k":0,"ix":9}},{"ty":7,"nm":"Espacement","mn":"ADBE Stroke-0006","ix":10,"v":{"a":0,"k":15,"ix":10}},{"ty":7,"nm":"Style de peinture","mn":"ADBE Stroke-0007","ix":11,"v":{"a":0,"k":1,"ix":11}}]}],"shapes":[{"ty":"gr","it":[{"ind":0,"ty":"sh","ix":1,"ks":{"a":0,"k":{"i":[[0,0],[0,0]],"o":[[0,0],[0,0]],"v":[[-423,-81],[-484,-142]],"c":false},"ix":2},"nm":"Tracé 1","mn":"ADBE Vector Shape - Group","hd":false},{"ty":"st","c":{"a":0,"k":[0.392156862745,0.564705882353,0.945098039216,1],"ix":3},"o":{"a":0,"k":100,"ix":4},"w":{"a":0,"k":10,"ix":5},"lc":2,"lj":1,"ml":4,"bm":0,"nm":"Contour 1","mn":"ADBE Vector Graphic - Stroke","hd":false},{"ty":"tr","p":{"a":0,"k":[0,0],"ix":2},"a":{"a":0,"k":[0,0],"ix":1},"s":{"a":0,"k":[100,100],"ix":3},"r":{"a":0,"k":0,"ix":6},"o":{"a":0,"k":100,"ix":7},"sk":{"a":0,"k":0,"ix":4},"sa":{"a":0,"k":0,"ix":5},"nm":"Transformer "}],"nm":"Forme 1","np":3,"cix":2,"bm":0,"ix":1,"mn":"ADBE Vector Group","hd":false},{"ty":"tm","s":{"a":1,"k":[{"i":{"x":[0.667],"y":[1]},"o":{"x":[0.333],"y":[0]},"t":19,"s":[0]},{"t":24,"s":[100]}],"ix":1},"e":{"a":1,"k":[{"i":{"x":[0.667],"y":[1]},"o":{"x":[0.333],"y":[0]},"t":14.286,"s":[0]},{"t":19,"s":[100]}],"ix":2},"o":{"a":0,"k":0,"ix":3},"m":1,"ix":2,"nm":"Raccorder les tracés 1","mn":"ADBE Vector Filter - Trim","hd":false}],"ip":0,"op":4125,"st":0,"bm":0},{"ddd":0,"ind":16,"ty":4,"nm":"Calque de forme 3","sr":1,"ks":{"o":{"a":0,"k":100,"ix":11},"r":{"a":0,"k":-90,"ix":10},"p":{"a":0,"k":[348.759,350.759,0],"ix":2},"a":{"a":0,"k":[-451.241,-109.241,0],"ix":1},"s":{"a":0,"k":[100,100,100],"ix":6}},"ao":0,"ef":[{"ty":22,"nm":"Trait","np":13,"mn":"ADBE Stroke","ix":1,"en":1,"ef":[{"ty":10,"nm":"Chemin","mn":"ADBE Stroke-0001","ix":1,"v":{"a":0,"k":0,"ix":1}},{"ty":7,"nm":"Tous les masques","mn":"ADBE Stroke-0010","ix":2,"v":{"a":0,"k":0,"ix":2}},{"ty":7,"nm":"Contour séquentiel","mn":"ADBE Stroke-0011","ix":3,"v":{"a":0,"k":1,"ix":3}},{"ty":2,"nm":"Couleur","mn":"ADBE Stroke-0002","ix":4,"v":{"a":0,"k":[1,1,1,1],"ix":4}},{"ty":0,"nm":"Epaisseur","mn":"ADBE Stroke-0003","ix":5,"v":{"a":0,"k":2,"ix":5}},{"ty":0,"nm":"Dureté","mn":"ADBE Stroke-0004","ix":6,"v":{"a":0,"k":0.75,"ix":6}},{"ty":0,"nm":"Opacité","mn":"ADBE Stroke-0005","ix":7,"v":{"a":0,"k":1,"ix":7}},{"ty":0,"nm":"Début","mn":"ADBE Stroke-0008","ix":8,"v":{"a":0,"k":100,"ix":8}},{"ty":0,"nm":"Fin","mn":"ADBE Stroke-0009","ix":9,"v":{"a":0,"k":0,"ix":9}},{"ty":7,"nm":"Espacement","mn":"ADBE Stroke-0006","ix":10,"v":{"a":0,"k":15,"ix":10}},{"ty":7,"nm":"Style de peinture","mn":"ADBE Stroke-0007","ix":11,"v":{"a":0,"k":1,"ix":11}}]}],"shapes":[{"ty":"gr","it":[{"ind":0,"ty":"sh","ix":1,"ks":{"a":0,"k":{"i":[[0,0],[0,0]],"o":[[0,0],[0,0]],"v":[[-423,-81],[-484,-142]],"c":false},"ix":2},"nm":"Tracé 1","mn":"ADBE Vector Shape - Group","hd":false},{"ty":"st","c":{"a":0,"k":[0.392156862745,0.564705882353,0.945098039216,1],"ix":3},"o":{"a":0,"k":100,"ix":4},"w":{"a":0,"k":10,"ix":5},"lc":2,"lj":1,"ml":4,"bm":0,"nm":"Contour 1","mn":"ADBE Vector Graphic - Stroke","hd":false},{"ty":"tr","p":{"a":0,"k":[0,0],"ix":2},"a":{"a":0,"k":[0,0],"ix":1},"s":{"a":0,"k":[100,100],"ix":3},"r":{"a":0,"k":0,"ix":6},"o":{"a":0,"k":100,"ix":7},"sk":{"a":0,"k":0,"ix":4},"sa":{"a":0,"k":0,"ix":5},"nm":"Transformer "}],"nm":"Forme 1","np":3,"cix":2,"bm":0,"ix":1,"mn":"ADBE Vector Group","hd":false},{"ty":"tm","s":{"a":1,"k":[{"i":{"x":[0.667],"y":[1]},"o":{"x":[0.333],"y":[0]},"t":19,"s":[0]},{"t":24,"s":[100]}],"ix":1},"e":{"a":1,"k":[{"i":{"x":[0.667],"y":[1]},"o":{"x":[0.333],"y":[0]},"t":14.286,"s":[0]},{"t":19,"s":[100]}],"ix":2},"o":{"a":0,"k":0,"ix":3},"m":1,"ix":2,"nm":"Raccorder les tracés 1","mn":"ADBE Vector Filter - Trim","hd":false}],"ip":0,"op":4125,"st":0,"bm":0},{"ddd":0,"ind":17,"ty":4,"nm":"Calque de forme 4","sr":1,"ks":{"o":{"a":0,"k":100,"ix":11},"r":{"a":0,"k":27,"ix":10},"p":{"a":0,"k":[378.759,100.759,0],"ix":2},"a":{"a":0,"k":[-451.241,-109.241,0],"ix":1},"s":{"a":0,"k":[100,100,100],"ix":6}},"ao":0,"ef":[{"ty":22,"nm":"Trait","np":13,"mn":"ADBE Stroke","ix":1,"en":1,"ef":[{"ty":10,"nm":"Chemin","mn":"ADBE Stroke-0001","ix":1,"v":{"a":0,"k":0,"ix":1}},{"ty":7,"nm":"Tous les masques","mn":"ADBE Stroke-0010","ix":2,"v":{"a":0,"k":0,"ix":2}},{"ty":7,"nm":"Contour séquentiel","mn":"ADBE Stroke-0011","ix":3,"v":{"a":0,"k":1,"ix":3}},{"ty":2,"nm":"Couleur","mn":"ADBE Stroke-0002","ix":4,"v":{"a":0,"k":[1,1,1,1],"ix":4}},{"ty":0,"nm":"Epaisseur","mn":"ADBE Stroke-0003","ix":5,"v":{"a":0,"k":2,"ix":5}},{"ty":0,"nm":"Dureté","mn":"ADBE Stroke-0004","ix":6,"v":{"a":0,"k":0.75,"ix":6}},{"ty":0,"nm":"Opacité","mn":"ADBE Stroke-0005","ix":7,"v":{"a":0,"k":1,"ix":7}},{"ty":0,"nm":"Début","mn":"ADBE Stroke-0008","ix":8,"v":{"a":0,"k":100,"ix":8}},{"ty":0,"nm":"Fin","mn":"ADBE Stroke-0009","ix":9,"v":{"a":0,"k":0,"ix":9}},{"ty":7,"nm":"Espacement","mn":"ADBE Stroke-0006","ix":10,"v":{"a":0,"k":15,"ix":10}},{"ty":7,"nm":"Style de peinture","mn":"ADBE Stroke-0007","ix":11,"v":{"a":0,"k":1,"ix":11}}]}],"shapes":[{"ty":"gr","it":[{"ind":0,"ty":"sh","ix":1,"ks":{"a":0,"k":{"i":[[0,0],[0,0]],"o":[[0,0],[0,0]],"v":[[-423,-81],[-484,-142]],"c":false},"ix":2},"nm":"Tracé 1","mn":"ADBE Vector Shape - Group","hd":false},{"ty":"st","c":{"a":0,"k":[0.392156862745,0.564705882353,0.945098039216,1],"ix":3},"o":{"a":0,"k":100,"ix":4},"w":{"a":0,"k":10,"ix":5},"lc":2,"lj":1,"ml":4,"bm":0,"nm":"Contour 1","mn":"ADBE Vector Graphic - Stroke","hd":false},{"ty":"tr","p":{"a":0,"k":[0,0],"ix":2},"a":{"a":0,"k":[0,0],"ix":1},"s":{"a":0,"k":[100,100],"ix":3},"r":{"a":0,"k":0,"ix":6},"o":{"a":0,"k":100,"ix":7},"sk":{"a":0,"k":0,"ix":4},"sa":{"a":0,"k":0,"ix":5},"nm":"Transformer "}],"nm":"Forme 1","np":3,"cix":2,"bm":0,"ix":1,"mn":"ADBE Vector Group","hd":false},{"ty":"tm","s":{"a":1,"k":[{"i":{"x":[0.667],"y":[1]},"o":{"x":[0.333],"y":[0]},"t":19,"s":[0]},{"t":24,"s":[100]}],"ix":1},"e":{"a":1,"k":[{"i":{"x":[0.667],"y":[1]},"o":{"x":[0.333],"y":[0]},"t":14.286,"s":[0]},{"t":19,"s":[100]}],"ix":2},"o":{"a":0,"k":0,"ix":3},"m":1,"ix":2,"nm":"Raccorder les tracés 1","mn":"ADBE Vector Filter - Trim","hd":false}],"ip":0,"op":4125,"st":0,"bm":0},{"ddd":0,"ind":18,"ty":4,"nm":"Calque de forme 1","sr":1,"ks":{"o":{"a":0,"k":100,"ix":11},"r":{"a":0,"k":0,"ix":10},"p":{"a":0,"k":[800,250,0],"ix":2},"a":{"a":0,"k":[0,0,0],"ix":1},"s":{"a":0,"k":[100,100,100],"ix":6}},"ao":0,"ef":[{"ty":22,"nm":"Trait","np":13,"mn":"ADBE Stroke","ix":1,"en":1,"ef":[{"ty":10,"nm":"Chemin","mn":"ADBE Stroke-0001","ix":1,"v":{"a":0,"k":0,"ix":1}},{"ty":7,"nm":"Tous les masques","mn":"ADBE Stroke-0010","ix":2,"v":{"a":0,"k":0,"ix":2}},{"ty":7,"nm":"Contour séquentiel","mn":"ADBE Stroke-0011","ix":3,"v":{"a":0,"k":1,"ix":3}},{"ty":2,"nm":"Couleur","mn":"ADBE Stroke-0002","ix":4,"v":{"a":0,"k":[1,1,1,1],"ix":4}},{"ty":0,"nm":"Epaisseur","mn":"ADBE Stroke-0003","ix":5,"v":{"a":0,"k":2,"ix":5}},{"ty":0,"nm":"Dureté","mn":"ADBE Stroke-0004","ix":6,"v":{"a":0,"k":0.75,"ix":6}},{"ty":0,"nm":"Opacité","mn":"ADBE Stroke-0005","ix":7,"v":{"a":0,"k":1,"ix":7}},{"ty":0,"nm":"Début","mn":"ADBE Stroke-0008","ix":8,"v":{"a":0,"k":100,"ix":8}},{"ty":0,"nm":"Fin","mn":"ADBE Stroke-0009","ix":9,"v":{"a":0,"k":0,"ix":9}},{"ty":7,"nm":"Espacement","mn":"ADBE Stroke-0006","ix":10,"v":{"a":0,"k":15,"ix":10}},{"ty":7,"nm":"Style de peinture","mn":"ADBE Stroke-0007","ix":11,"v":{"a":0,"k":1,"ix":11}}]}],"shapes":[{"ty":"gr","it":[{"ind":0,"ty":"sh","ix":1,"ks":{"a":0,"k":{"i":[[0,0],[0,0]],"o":[[0,0],[0,0]],"v":[[-423,-81],[-484,-142]],"c":false},"ix":2},"nm":"Tracé 1","mn":"ADBE Vector Shape - Group","hd":false},{"ty":"st","c":{"a":0,"k":[0.392156862745,0.564705882353,0.945098039216,1],"ix":3},"o":{"a":0,"k":100,"ix":4},"w":{"a":0,"k":10,"ix":5},"lc":2,"lj":1,"ml":4,"bm":0,"nm":"Contour 1","mn":"ADBE Vector Graphic - Stroke","hd":false},{"ty":"tr","p":{"a":0,"k":[0,0],"ix":2},"a":{"a":0,"k":[0,0],"ix":1},"s":{"a":0,"k":[100,100],"ix":3},"r":{"a":0,"k":0,"ix":6},"o":{"a":0,"k":100,"ix":7},"sk":{"a":0,"k":0,"ix":4},"sa":{"a":0,"k":0,"ix":5},"nm":"Transformer "}],"nm":"Forme 1","np":3,"cix":2,"bm":0,"ix":1,"mn":"ADBE Vector Group","hd":false},{"ty":"tm","s":{"a":1,"k":[{"i":{"x":[0.667],"y":[1]},"o":{"x":[0.333],"y":[0]},"t":19,"s":[0]},{"t":24,"s":[100]}],"ix":1},"e":{"a":1,"k":[{"i":{"x":[0.667],"y":[1]},"o":{"x":[0.333],"y":[0]},"t":14.286,"s":[0]},{"t":19,"s":[100]}],"ix":2},"o":{"a":0,"k":0,"ix":3},"m":1,"ix":2,"nm":"Raccorder les tracés 1","mn":"ADBE Vector Filter - Trim","hd":false}],"ip":0,"op":4125,"st":0,"bm":0},{"ddd":0,"ind":20,"ty":4,"nm":"Nano Sv3 Silhouettes","sr":1,"ks":{"o":{"a":0,"k":100,"ix":11},"r":{"a":0,"k":0,"ix":10},"p":{"a":1,"k":[{"i":{"x":0,"y":1},"o":{"x":0,"y":0},"t":14,"s":[794,246,0],"to":[1.333,0,0],"ti":[0,0,0]},{"i":{"x":1,"y":1},"o":{"x":1,"y":0},"t":16,"s":[802,246,0],"to":[0,0,0],"ti":[1.333,0,0]},{"t":18,"s":[794,246,0]}],"ix":2},"a":{"a":0,"k":[230,41,0],"ix":1},"s":{"a":0,"k":[162.174,162.174,100],"ix":6}},"ao":0,"shapes":[{"ty":"gr","it":[{"ty":"rc","d":1,"s":{"a":0,"k":[147.318,24.316],"ix":2},"p":{"a":0,"k":[0,0],"ix":3},"r":{"a":0,"k":4,"ix":4},"nm":"Tracé rectangulaire 1","mn":"ADBE Vector Shape - Rect","hd":false},{"ty":"st","c":{"a":0,"k":[0.811765005074,0.968627989526,0.992156982422,1],"ix":3},"o":{"a":0,"k":100,"ix":4},"w":{"a":0,"k":0,"ix":5},"lc":1,"lj":1,"ml":1,"bm":0,"nm":"Contour 1","mn":"ADBE Vector Graphic - Stroke","hd":false},{"ty":"fl","c":{"a":0,"k":[0.811764765721,0.968627510819,0.992156922583,1],"ix":4},"o":{"a":0,"k":100,"ix":5},"r":1,"bm":0,"nm":"Fond 1","mn":"ADBE Vector Graphic - Fill","hd":false},{"ty":"tr","p":{"a":0,"k":[94.659,49.658],"ix":2},"a":{"a":0,"k":[0,0],"ix":1},"s":{"a":0,"k":[63.458,61.582],"ix":3},"r":{"a":0,"k":0,"ix":6},"o":{"a":1,"k":[{"i":{"x":[0.833],"y":[0.833]},"o":{"x":[0.167],"y":[0.167]},"t":55,"s":[1]},{"i":{"x":[0.833],"y":[0.833]},"o":{"x":[0.167],"y":[0.167]},"t":56,"s":[100]},{"i":{"x":[0.833],"y":[0.833]},"o":{"x":[0.167],"y":[0.167]},"t":131,"s":[100]},{"t":132,"s":[0]}],"ix":7},"sk":{"a":0,"k":0,"ix":4},"sa":{"a":0,"k":0,"ix":5},"nm":"Transformer "}],"nm":"Rectangle 1","np":3,"cix":2,"bm":0,"ix":1,"mn":"ADBE Vector Group","hd":false},{"ty":"gr","it":[{"ty":"gr","it":[{"ind":0,"ty":"sh","ix":1,"ks":{"a":0,"k":{"i":[[0,0],[0,0],[-3.59,0],[0,0],[0,0]],"o":[[0,0],[0,3.589],[0,0],[0,0],[0,0]],"v":[[-4.835,-4.835],[-4.835,-1.663],[1.664,4.835],[4.835,4.835],[4.835,-4.835]],"c":true},"ix":2},"nm":"Tracé 1","mn":"ADBE Vector Shape - Group","hd":false},{"ty":"fl","c":{"a":0,"k":[0.812928981407,0.966836727367,0.992463235294,1],"ix":4},"o":{"a":0,"k":100,"ix":5},"r":1,"bm":0,"nm":"Fond 1","mn":"ADBE Vector Graphic - Fill","hd":false},{"ty":"tr","p":{"a":0,"k":[4.835,35.781],"ix":2},"a":{"a":0,"k":[0,0],"ix":1},"s":{"a":0,"k":[100,100],"ix":3},"r":{"a":0,"k":0,"ix":6},"o":{"a":0,"k":100,"ix":7},"sk":{"a":0,"k":0,"ix":4},"sa":{"a":0,"k":0,"ix":5},"nm":"Transformer "}],"nm":"Groupe 1","np":2,"cix":2,"bm":0,"ix":1,"mn":"ADBE Vector Group","hd":false},{"ty":"gr","it":[{"ind":0,"ty":"sh","ix":1,"ks":{"a":0,"k":{"i":[[0,0],[0,0],[0,0],[0,0]],"o":[[0,0],[0,0],[0,0],[0,0]],"v":[[-4.835,4.835],[4.835,4.835],[4.835,-4.835],[-4.835,-4.835]],"c":true},"ix":2},"nm":"Tracé 1","mn":"ADBE Vector Shape - Group","hd":false},{"ty":"fl","c":{"a":0,"k":[0.812928981407,0.966836727367,0.992463235294,1],"ix":4},"o":{"a":0,"k":100,"ix":5},"r":1,"bm":0,"nm":"Fond 1","mn":"ADBE Vector Graphic - Fill","hd":false},{"ty":"tr","p":{"a":0,"k":[20.308,35.781],"ix":2},"a":{"a":0,"k":[0,0],"ix":1},"s":{"a":0,"k":[100,100],"ix":3},"r":{"a":0,"k":0,"ix":6},"o":{"a":0,"k":100,"ix":7},"sk":{"a":0,"k":0,"ix":4},"sa":{"a":0,"k":0,"ix":5},"nm":"Transformer "}],"nm":"Groupe 2","np":2,"cix":2,"bm":0,"ix":2,"mn":"ADBE Vector Group","hd":false},{"ty":"gr","it":[{"ind":0,"ty":"sh","ix":1,"ks":{"a":0,"k":{"i":[[0,0],[0,0],[0,3.589],[0,0],[0,0]],"o":[[0,0],[3.589,0],[0,0],[0,0],[0,0]],"v":[[-4.835,4.835],[-1.663,4.835],[4.836,-1.663],[4.836,-4.835],[-4.835,-4.835]],"c":true},"ix":2},"nm":"Tracé 1","mn":"ADBE Vector Shape - Group","hd":false},{"ty":"fl","c":{"a":0,"k":[0.812928981407,0.966836727367,0.992463235294,1],"ix":4},"o":{"a":0,"k":100,"ix":5},"r":1,"bm":0,"nm":"Fond 1","mn":"ADBE Vector Graphic - Fill","hd":false},{"ty":"tr","p":{"a":0,"k":[35.781,35.78],"ix":2},"a":{"a":0,"k":[0,0],"ix":1},"s":{"a":0,"k":[100,100],"ix":3},"r":{"a":0,"k":0,"ix":6},"o":{"a":0,"k":100,"ix":7},"sk":{"a":0,"k":0,"ix":4},"sa":{"a":0,"k":0,"ix":5},"nm":"Transformer "}],"nm":"Groupe 3","np":4,"cix":2,"bm":0,"ix":3,"mn":"ADBE Vector Group","hd":false},{"ty":"gr","it":[{"ind":0,"ty":"sh","ix":1,"ks":{"a":0,"k":{"i":[[0,0],[0,0],[0,0],[0,0]],"o":[[0,0],[0,0],[0,0],[0,0]],"v":[[4.835,-4.835],[-4.835,-4.835],[-4.835,4.835],[4.835,4.835]],"c":true},"ix":2},"nm":"Tracé 1","mn":"ADBE Vector Shape - Group","hd":false},{"ty":"fl","c":{"a":0,"k":[0.812928981407,0.966836727367,0.992463235294,1],"ix":4},"o":{"a":0,"k":100,"ix":5},"r":1,"bm":0,"nm":"Fond 1","mn":"ADBE Vector Graphic - Fill","hd":false},{"ty":"tr","p":{"a":0,"k":[4.836,20.308],"ix":2},"a":{"a":0,"k":[0,0],"ix":1},"s":{"a":0,"k":[100,100],"ix":3},"r":{"a":0,"k":0,"ix":6},"o":{"a":0,"k":100,"ix":7},"sk":{"a":0,"k":0,"ix":4},"sa":{"a":0,"k":0,"ix":5},"nm":"Transformer "}],"nm":"Groupe 4","np":2,"cix":2,"bm":0,"ix":4,"mn":"ADBE Vector Group","hd":false},{"ty":"gr","it":[{"ind":0,"ty":"sh","ix":1,"ks":{"a":0,"k":{"i":[[0,0],[0,0],[0,-3.59],[0,0],[0,0]],"o":[[0,0],[-3.589,0],[0,0],[0,0],[0,0]],"v":[[4.835,-4.835],[1.663,-4.835],[-4.835,1.664],[-4.835,4.835],[4.835,4.835]],"c":true},"ix":2},"nm":"Tracé 1","mn":"ADBE Vector Shape - Group","hd":false},{"ty":"fl","c":{"a":0,"k":[0.812928981407,0.966836727367,0.992463235294,1],"ix":4},"o":{"a":0,"k":100,"ix":5},"r":1,"bm":0,"nm":"Fond 1","mn":"ADBE Vector Graphic - Fill","hd":false},{"ty":"tr","p":{"a":0,"k":[4.835,4.835],"ix":2},"a":{"a":0,"k":[0,0],"ix":1},"s":{"a":0,"k":[100,100],"ix":3},"r":{"a":0,"k":0,"ix":6},"o":{"a":0,"k":100,"ix":7},"sk":{"a":0,"k":0,"ix":4},"sa":{"a":0,"k":0,"ix":5},"nm":"Transformer "}],"nm":"Groupe 5","np":2,"cix":2,"bm":0,"ix":5,"mn":"ADBE Vector Group","hd":false},{"ty":"gr","it":[{"ind":0,"ty":"sh","ix":1,"ks":{"a":0,"k":{"i":[[3.589,0],[0,0],[0,0],[0,0],[0,0]],"o":[[0,0],[0,0],[0,0],[0,0],[0,-3.59]],"v":[[6.073,-12.572],[-12.572,-12.572],[-12.572,12.572],[12.572,12.572],[12.572,-6.072]],"c":true},"ix":2},"nm":"Tracé 1","mn":"ADBE Vector Shape - Group","hd":false},{"ty":"fl","c":{"a":0,"k":[0.812928981407,0.966836727367,0.992463235294,1],"ix":4},"o":{"a":0,"k":100,"ix":5},"r":1,"bm":0,"nm":"Fond 1","mn":"ADBE Vector Graphic - Fill","hd":false},{"ty":"tr","p":{"a":0,"k":[28.044,12.572],"ix":2},"a":{"a":0,"k":[0,0],"ix":1},"s":{"a":0,"k":[100,100],"ix":3},"r":{"a":0,"k":0,"ix":6},"o":{"a":0,"k":100,"ix":7},"sk":{"a":0,"k":0,"ix":4},"sa":{"a":0,"k":0,"ix":5},"nm":"Transformer "}],"nm":"Groupe 6","np":4,"cix":2,"bm":0,"ix":6,"mn":"ADBE Vector Group","hd":false},{"ty":"tr","p":{"a":0,"k":[92.602,41.734],"ix":2},"a":{"a":0,"k":[20.308,20.308],"ix":1},"s":{"a":0,"k":[48.863,48.863],"ix":3},"r":{"a":0,"k":0,"ix":6},"o":{"a":1,"k":[{"i":{"x":[0.833],"y":[0.833]},"o":{"x":[0.167],"y":[0.167]},"t":21,"s":[0]},{"i":{"x":[0.833],"y":[0.833]},"o":{"x":[0.167],"y":[0.167]},"t":23,"s":[0]},{"i":{"x":[0.833],"y":[0.833]},"o":{"x":[0.167],"y":[0.167]},"t":24,"s":[100]},{"i":{"x":[0.833],"y":[0.833]},"o":{"x":[0.167],"y":[0.167]},"t":55,"s":[100]},{"t":56,"s":[0]}],"ix":7},"sk":{"a":0,"k":0,"ix":4},"sa":{"a":0,"k":0,"ix":5},"nm":"Transformer "}],"nm":"Groupe 14","np":6,"cix":2,"bm":0,"ix":2,"mn":"ADBE Vector Group","hd":false},{"ty":"gr","it":[{"ind":0,"ty":"sh","ix":1,"ks":{"a":0,"k":{"i":[[-10.83,0],[0,10.83],[10.83,0],[0,-10.83]],"o":[[10.83,0],[0,-10.83],[-10.83,0],[0,10.83]],"v":[[0,19.609],[19.609,0.001],[0,-19.609],[-19.609,0.001]],"c":true},"ix":2},"nm":"Tracé 1","mn":"ADBE Vector Shape - Group","hd":false},{"ty":"st","c":{"a":0,"k":[0.219999994016,0.219999994016,0.219999994016,1],"ix":3},"o":{"a":0,"k":100,"ix":4},"w":{"a":0,"k":4.783,"ix":5},"lc":1,"lj":1,"ml":4,"bm":0,"nm":"Contour 1","mn":"ADBE Vector Graphic - Stroke","hd":false},{"ty":"tr","p":{"a":0,"k":[233,43],"ix":2},"a":{"a":0,"k":[0,0],"ix":1},"s":{"a":0,"k":[100,100],"ix":3},"r":{"a":0,"k":0,"ix":6},"o":{"a":0,"k":100,"ix":7},"sk":{"a":0,"k":0,"ix":4},"sa":{"a":0,"k":0,"ix":5},"nm":"Transformer "}],"nm":"Groupe 1","np":2,"cix":2,"bm":0,"ix":3,"mn":"ADBE Vector Group","hd":false},{"ty":"gr","it":[{"ind":0,"ty":"sh","ix":1,"ks":{"a":0,"k":{"i":[[-0.015,-0.332],[-11.815,0],[-0.523,-11.686],[0,0.335],[12.15,0],[0,-12.15]],"o":[[0.523,-11.686],[11.815,0],[0.015,-0.332],[0,-12.15],[-12.15,0],[0,0.335]],"v":[[-21.978,11.5],[0,-9.5],[21.978,11.5],[22,10.5],[0,-11.5],[-22,10.5]],"c":true},"ix":2},"nm":"Tracé 1","mn":"ADBE Vector Shape - Group","hd":false},{"ty":"fl","c":{"a":0,"k":[0,0,0,1],"ix":4},"o":{"a":0,"k":100,"ix":5},"r":1,"bm":0,"nm":"Fond 1","mn":"ADBE Vector Graphic - Fill","hd":false},{"ty":"tr","p":{"a":0,"k":[233,30.5],"ix":2},"a":{"a":0,"k":[0,0],"ix":1},"s":{"a":0,"k":[100,100],"ix":3},"r":{"a":0,"k":0,"ix":6},"o":{"a":0,"k":15,"ix":7},"sk":{"a":0,"k":0,"ix":4},"sa":{"a":0,"k":0,"ix":5},"nm":"Transformer "}],"nm":"Groupe 2","np":4,"cix":2,"bm":0,"ix":4,"mn":"ADBE Vector Group","hd":false},{"ty":"gr","it":[{"ind":0,"ty":"sh","ix":1,"ks":{"a":0,"k":{"i":[[0.016,0.332],[11.816,0],[0.523,11.687],[0,-0.335],[-12.149,0],[0,12.15]],"o":[[-0.522,11.687],[-11.814,0],[-0.015,0.332],[0,12.15],[12.151,0],[0,-0.335]],"v":[[21.978,-11.5],[0,9.5],[-21.978,-11.5],[-22,-10.5],[0,11.5],[22,-10.5]],"c":true},"ix":2},"nm":"Tracé 1","mn":"ADBE Vector Shape - Group","hd":false},{"ty":"fl","c":{"a":0,"k":[1,1,1,1],"ix":4},"o":{"a":0,"k":100,"ix":5},"r":1,"bm":0,"nm":"Fond 1","mn":"ADBE Vector Graphic - Fill","hd":false},{"ty":"tr","p":{"a":0,"k":[233,55.5],"ix":2},"a":{"a":0,"k":[0,0],"ix":1},"s":{"a":0,"k":[100,100],"ix":3},"r":{"a":0,"k":0,"ix":6},"o":{"a":0,"k":60,"ix":7},"sk":{"a":0,"k":0,"ix":4},"sa":{"a":0,"k":0,"ix":5},"nm":"Transformer "}],"nm":"Groupe 3","np":4,"cix":2,"bm":0,"ix":5,"mn":"ADBE Vector Group","hd":false},{"ty":"gr","it":[{"ind":0,"ty":"sh","ix":1,"ks":{"a":0,"k":{"i":[[0,-12.15],[12.15,0],[0,12.15],[-12.15,0]],"o":[[0,12.15],[-12.15,0],[0,-12.15],[12.15,0]],"v":[[-71.392,0.159],[-93.392,22.159],[-115.392,0.159],[-93.392,-21.842]],"c":true},"ix":2},"nm":"Tracé 1","mn":"ADBE Vector Shape - Group","hd":false},{"ind":1,"ty":"sh","ix":2,"ks":{"a":0,"k":{"i":[[2.209,0],[0,0],[0,21.38],[0,0],[-21.387,0.003],[0,0],[0,-2.21],[0,0]],"o":[[0,0],[-21.38,0.003],[0,0],[0,-21.386],[0,0],[2.21,0],[0,0],[0,2.209]],"v":[[129.508,38.708],[-94.798,38.732],[-133.515,0.025],[-133.515,0.016],[-94.789,-38.71],[129.514,-38.736],[133.516,-34.734],[133.506,34.708]],"c":true},"ix":2},"nm":"Tracé 2","mn":"ADBE Vector Shape - Group","hd":false},{"ty":"mm","mm":5,"nm":"Fusionner les tracés 1","mn":"ADBE Vector Filter - Merge","hd":false},{"ty":"gr","it":[{"ind":0,"ty":"sh","ix":1,"ks":{"a":0,"k":{"i":[[0,0],[0,0],[0,0],[0,0]],"o":[[0,0],[0,0],[0,0],[0,0]],"v":[[-326.392,39.159],[133.608,39.159],[133.608,-42.841],[-326.392,-42.841]],"c":true},"ix":2},"nm":"Tracé 1","mn":"ADBE Vector Shape - Group","hd":false},{"ind":1,"ty":"sh","ix":2,"ks":{"a":0,"k":{"i":[[0,0],[0,0],[0,0],[0,0]],"o":[[0,0],[0,0],[0,0],[0,0]],"v":[[-326.392,-42.841],[133.608,-42.841],[133.608,39.159],[-326.392,39.159]],"c":true},"ix":2},"nm":"Tracé 2","mn":"ADBE Vector Shape - Group","hd":false},{"ty":"tr","p":{"a":0,"k":[0,0],"ix":2},"a":{"a":0,"k":[0,0],"ix":1},"s":{"a":0,"k":[100,100],"ix":3},"r":{"a":0,"k":0,"ix":6},"o":{"a":0,"k":100,"ix":7},"sk":{"a":0,"k":0,"ix":4},"sa":{"a":0,"k":0,"ix":5},"nm":"Transformer "}],"nm":"Groupe 1","np":2,"cix":2,"bm":0,"ix":4,"mn":"ADBE Vector Group","hd":false},{"ty":"mm","mm":5,"nm":"Fusionner les tracés 2","mn":"ADBE Vector Filter - Merge","hd":false},{"ty":"fl","c":{"a":0,"k":[0.866999966491,0.866999966491,0.866999966491,1],"ix":4},"o":{"a":0,"k":100,"ix":5},"r":1,"bm":0,"nm":"Fond 1","mn":"ADBE Vector Graphic - Fill","hd":false},{"ty":"tr","p":{"a":0,"k":[326.619,42.884],"ix":2},"a":{"a":0,"k":[0,0],"ix":1},"s":{"a":0,"k":[100,100],"ix":3},"r":{"a":0,"k":0,"ix":6},"o":{"a":0,"k":100,"ix":7},"sk":{"a":0,"k":0,"ix":4},"sa":{"a":0,"k":0,"ix":5},"nm":"Transformer "}],"nm":"Groupe 4","np":6,"cix":2,"bm":0,"ix":6,"mn":"ADBE Vector Group","hd":false},{"ty":"gr","it":[{"ind":0,"ty":"sh","ix":1,"ks":{"a":0,"k":{"i":[[1.104,0],[0,0],[0,-1.104],[0,0],[-1.105,0],[0,0],[0,1.104],[0,0]],"o":[[0,0],[-1.105,0],[0,0],[0,1.104],[0,0],[1.104,0],[0,0],[0,-1.104]],"v":[[63.068,-20],[-63.068,-20],[-65.068,-18],[-65.068,18],[-63.068,20],[63.068,20],[65.068,18],[65.068,-18]],"c":true},"ix":2},"nm":"Tracé 1","mn":"ADBE Vector Shape - Group","hd":false},{"ty":"fl","c":{"a":0,"k":[0.122000002394,0.122000002394,0.122000002394,1],"ix":4},"o":{"a":0,"k":100,"ix":5},"r":1,"bm":0,"nm":"Fond 1","mn":"ADBE Vector Graphic - Fill","hd":false},{"ty":"tr","p":{"a":0,"k":[94.5,43],"ix":2},"a":{"a":0,"k":[0,0],"ix":1},"s":{"a":0,"k":[100,100],"ix":3},"r":{"a":0,"k":0,"ix":6},"o":{"a":0,"k":100,"ix":7},"sk":{"a":0,"k":0,"ix":4},"sa":{"a":0,"k":0,"ix":5},"nm":"Transformer "}],"nm":"Groupe 5","np":4,"cix":2,"bm":0,"ix":7,"mn":"ADBE Vector Group","hd":false},{"ty":"gr","it":[{"ind":0,"ty":"sh","ix":1,"ks":{"a":0,"k":{"i":[[1.104,0],[0,0],[0,-1.104],[0,0],[-1.105,0],[0,0],[0,1.104],[0,0]],"o":[[0,0],[-1.105,0],[0,0],[0,1.104],[0,0],[1.104,0],[0,0],[0,-1.104]],"v":[[63.068,-20],[-63.068,-20],[-65.068,-18],[-65.068,18],[-63.068,20],[63.068,20],[65.068,18],[65.068,-18]],"c":true},"ix":2},"nm":"Tracé 1","mn":"ADBE Vector Shape - Group","hd":false},{"ty":"fl","c":{"a":0,"k":[1,1,1,1],"ix":4},"o":{"a":0,"k":100,"ix":5},"r":1,"bm":0,"nm":"Fond 1","mn":"ADBE Vector Graphic - Fill","hd":false},{"ty":"tr","p":{"a":0,"k":[95.5,44],"ix":2},"a":{"a":0,"k":[0,0],"ix":1},"s":{"a":0,"k":[100,100],"ix":3},"r":{"a":0,"k":0,"ix":6},"o":{"a":0,"k":15,"ix":7},"sk":{"a":0,"k":0,"ix":4},"sa":{"a":0,"k":0,"ix":5},"nm":"Transformer "}],"nm":"Groupe 6","np":4,"cix":2,"bm":0,"ix":8,"mn":"ADBE Vector Group","hd":false},{"ty":"gr","it":[{"ind":0,"ty":"sh","ix":1,"ks":{"a":0,"k":{"i":[[1.104,0],[0,0],[0,-1.104],[0,0],[-1.105,0],[0,0],[0,1.104],[0,0]],"o":[[0,0],[-1.105,0],[0,0],[0,1.104],[0,0],[1.104,0],[0,0],[0,-1.104]],"v":[[63.068,-20],[-63.068,-20],[-65.068,-18],[-65.068,18],[-63.068,20],[63.068,20],[65.068,18],[65.068,-18]],"c":true},"ix":2},"nm":"Tracé 1","mn":"ADBE Vector Shape - Group","hd":false},{"ty":"fl","c":{"a":0,"k":[0,0,0,1],"ix":4},"o":{"a":0,"k":100,"ix":5},"r":1,"bm":0,"nm":"Fond 1","mn":"ADBE Vector Graphic - Fill","hd":false},{"ty":"tr","p":{"a":0,"k":[93.5,42],"ix":2},"a":{"a":0,"k":[0,0],"ix":1},"s":{"a":0,"k":[100,100],"ix":3},"r":{"a":0,"k":0,"ix":6},"o":{"a":0,"k":100,"ix":7},"sk":{"a":0,"k":0,"ix":4},"sa":{"a":0,"k":0,"ix":5},"nm":"Transformer "}],"nm":"Groupe 7","np":4,"cix":2,"bm":0,"ix":9,"mn":"ADBE Vector Group","hd":false},{"ty":"gr","it":[{"ind":0,"ty":"sh","ix":1,"ks":{"a":0,"k":{"i":[[-14.912,0],[0,14.912],[14.912,0],[0,-14.911]],"o":[[14.912,0],[0,-14.911],[-14.912,0],[0,14.912]],"v":[[5.718,27.785],[32.718,0.785],[5.718,-26.215],[-21.282,0.785]],"c":true},"ix":2},"nm":"Tracé 1","mn":"ADBE Vector Shape - Group","hd":false},{"ind":1,"ty":"sh","ix":2,"ks":{"a":0,"k":{"i":[[0,0],[0,0],[13.107,-16.719],[0,0],[-16.691,-12.996],[0,0],[0,0],[-0.002,3.998]],"o":[[0,0],[-16.762,-13.051],[0,0],[-12.996,16.691],[0,0],[0,0],[3.998,-0.002],[0,0]],"v":[[40.919,-14.763],[26.186,-26.234],[-27.845,-19.6],[-27.923,-19.5],[-21.233,34.253],[-15.166,38.976],[33.218,39.285],[40.895,31.712]],"c":true},"ix":2},"nm":"Tracé 2","mn":"ADBE Vector Shape - Group","hd":false},{"ty":"mm","mm":5,"nm":"Fusionner les tracés 1","mn":"ADBE Vector Filter - Merge","hd":false},{"ty":"fl","c":{"a":0,"k":[0,0,0,1],"ix":4},"o":{"a":0,"k":100,"ix":5},"r":1,"bm":0,"nm":"Fond 1","mn":"ADBE Vector Graphic - Fill","hd":false},{"ty":"tr","p":{"a":0,"k":[227.282,42.215],"ix":2},"a":{"a":0,"k":[0,0],"ix":1},"s":{"a":0,"k":[100,100],"ix":3},"r":{"a":0,"k":0,"ix":6},"o":{"a":0,"k":100,"ix":7},"sk":{"a":0,"k":0,"ix":4},"sa":{"a":0,"k":0,"ix":5},"nm":"Transformer "}],"nm":"Groupe 8","np":6,"cix":2,"bm":0,"ix":10,"mn":"ADBE Vector Group","hd":false},{"ty":"gr","it":[{"ind":0,"ty":"sh","ix":1,"ks":{"a":0,"k":{"i":[[11.57,-1.216],[-1.21,-11.514],[-11.57,1.216],[1.21,11.513]],"o":[[-11.57,1.216],[1.21,11.513],[11.57,-1.216],[-1.21,-11.514]],"v":[[95.913,-25.398],[73.413,3.102],[100.413,25.602],[123.913,-2.898]],"c":true},"ix":2},"nm":"Tracé 1","mn":"ADBE Vector Shape - Group","hd":false},{"ind":1,"ty":"sh","ix":2,"ks":{"a":0,"k":{"i":[[0,0],[0,-4.001],[0,0],[0,0],[3.998,-0.002],[0,0],[0,1.105],[0,0],[0,0],[-1.104,0]],"o":[[4.001,-0.001],[0,0],[0,0],[-0.002,3.998],[0,0],[-1.105,0],[0,0],[0,0],[0,-1.104],[0,0]],"v":[[126.373,-38.398],[133.621,-31.157],[133.621,-31.149],[133.59,31.028],[126.349,38.269],[-131.62,38.399],[-133.621,36.4],[-133.621,36.398],[-133.584,-36.268],[-131.585,-38.267]],"c":true},"ix":2},"nm":"Tracé 2","mn":"ADBE Vector Shape - Group","hd":false},{"ty":"mm","mm":1,"nm":"Fusionner les tracés 1","mn":"ADBE Vector Filter - Merge","hd":false},{"ty":"fl","c":{"a":0,"k":[0.219999994016,0.219999994016,0.219999994016,1],"ix":4},"o":{"a":0,"k":100,"ix":5},"r":1,"bm":0,"nm":"Fond 1","mn":"ADBE Vector Graphic - Fill","hd":false},{"ty":"tr","p":{"a":0,"k":[134.612,42.994],"ix":2},"a":{"a":0,"k":[0,0],"ix":1},"s":{"a":0,"k":[100,100],"ix":3},"r":{"a":0,"k":0,"ix":6},"o":{"a":0,"k":100,"ix":7},"sk":{"a":0,"k":0,"ix":4},"sa":{"a":0,"k":0,"ix":5},"nm":"Transformer "}],"nm":"Groupe 9","np":6,"cix":2,"bm":0,"ix":11,"mn":"ADBE Vector Group","hd":false},{"ty":"gr","it":[{"ind":0,"ty":"sh","ix":1,"ks":{"a":0,"k":{"i":[[0,0],[0,0],[0,0],[0,0]],"o":[[0,0],[0,0],[0,0],[0,0]],"v":[[12,-4],[-12,-4],[-12,4],[12,4]],"c":true},"ix":2},"nm":"Tracé 1","mn":"ADBE Vector Shape - Group","hd":false},{"ty":"fl","c":{"a":0,"k":[0.109999997008,0.109999997008,0.109999997008,1],"ix":4},"o":{"a":0,"k":100,"ix":5},"r":1,"bm":0,"nm":"Fond 1","mn":"ADBE Vector Graphic - Fill","hd":false},{"ty":"tr","p":{"a":0,"k":[147,7],"ix":2},"a":{"a":0,"k":[0,0],"ix":1},"s":{"a":0,"k":[100,100],"ix":3},"r":{"a":0,"k":0,"ix":6},"o":{"a":0,"k":100,"ix":7},"sk":{"a":0,"k":0,"ix":4},"sa":{"a":0,"k":0,"ix":5},"nm":"Transformer "}],"nm":"Groupe 10","np":4,"cix":2,"bm":0,"ix":12,"mn":"ADBE Vector Group","hd":false},{"ty":"gr","it":[{"ind":0,"ty":"sh","ix":1,"ks":{"a":0,"k":{"i":[[1.105,0],[0,0],[0,-1.104],[0,0],[-1.105,0],[0,0],[0,1.104],[0,0]],"o":[[0,0],[-1.105,0],[0,0],[0,1.104],[0,0],[1.105,0],[0,0],[0,-1.104]],"v":[[10,-4],[-10,-4],[-12,-2],[-12,2],[-10,4],[10,4],[12,2],[12,-2]],"c":true},"ix":2},"nm":"Tracé 1","mn":"ADBE Vector Shape - Group","hd":false},{"ty":"fl","c":{"a":0,"k":[0.187999994615,0.187999994615,0.187999994615,1],"ix":4},"o":{"a":0,"k":100,"ix":5},"r":1,"bm":0,"nm":"Fond 1","mn":"ADBE Vector Graphic - Fill","hd":false},{"ty":"tr","p":{"a":0,"k":[147,4],"ix":2},"a":{"a":0,"k":[0,0],"ix":1},"s":{"a":0,"k":[100,100],"ix":3},"r":{"a":0,"k":0,"ix":6},"o":{"a":0,"k":100,"ix":7},"sk":{"a":0,"k":0,"ix":4},"sa":{"a":0,"k":0,"ix":5},"nm":"Transformer "}],"nm":"Groupe 11","np":4,"cix":2,"bm":0,"ix":13,"mn":"ADBE Vector Group","hd":false},{"ty":"gr","it":[{"ind":0,"ty":"sh","ix":1,"ks":{"a":0,"k":{"i":[[0,0],[0,0],[0,0],[0,0]],"o":[[0,0],[0,0],[0,0],[0,0]],"v":[[12,-4],[-12,-4],[-12,4],[12,4]],"c":true},"ix":2},"nm":"Tracé 1","mn":"ADBE Vector Shape - Group","hd":false},{"ty":"fl","c":{"a":0,"k":[0.109999997008,0.109999997008,0.109999997008,1],"ix":4},"o":{"a":0,"k":100,"ix":5},"r":1,"bm":0,"nm":"Fond 1","mn":"ADBE Vector Graphic - Fill","hd":false},{"ty":"tr","p":{"a":0,"k":[42,7],"ix":2},"a":{"a":0,"k":[0,0],"ix":1},"s":{"a":0,"k":[100,100],"ix":3},"r":{"a":0,"k":0,"ix":6},"o":{"a":0,"k":100,"ix":7},"sk":{"a":0,"k":0,"ix":4},"sa":{"a":0,"k":0,"ix":5},"nm":"Transformer "}],"nm":"Groupe 12","np":4,"cix":2,"bm":0,"ix":14,"mn":"ADBE Vector Group","hd":false},{"ty":"gr","it":[{"ind":0,"ty":"sh","ix":1,"ks":{"a":0,"k":{"i":[[1.104,0],[0,0],[0,-1.104],[0,0],[-1.104,0],[0,0],[0,1.104],[0,0]],"o":[[0,0],[-1.104,0],[0,0],[0,1.104],[0,0],[1.104,0],[0,0],[0,-1.104]],"v":[[10,-4],[-10,-4],[-12,-2],[-12,2],[-10,4],[10,4],[12,2],[12,-2]],"c":true},"ix":2},"nm":"Tracé 1","mn":"ADBE Vector Shape - Group","hd":false},{"ty":"fl","c":{"a":0,"k":[0.187999994615,0.187999994615,0.187999994615,1],"ix":4},"o":{"a":0,"k":100,"ix":5},"r":1,"bm":0,"nm":"Fond 1","mn":"ADBE Vector Graphic - Fill","hd":false},{"ty":"tr","p":{"a":0,"k":[42,4],"ix":2},"a":{"a":0,"k":[0,0],"ix":1},"s":{"a":0,"k":[100,100],"ix":3},"r":{"a":0,"k":0,"ix":6},"o":{"a":0,"k":100,"ix":7},"sk":{"a":0,"k":0,"ix":4},"sa":{"a":0,"k":0,"ix":5},"nm":"Transformer "}],"nm":"Groupe 13","np":4,"cix":2,"bm":0,"ix":15,"mn":"ADBE Vector Group","hd":false}],"ip":0,"op":4125,"st":0,"bm":0},{"ddd":0,"ind":21,"ty":4,"nm":"USB","sr":1,"ks":{"o":{"a":0,"k":100,"ix":11},"r":{"a":0,"k":0,"ix":10},"p":{"a":1,"k":[{"i":{"x":0.752,"y":0.742},"o":{"x":0.553,"y":0},"t":8,"s":[71.5,250,0],"to":[0,0,0],"ti":[0,0,0]},{"i":{"x":0.507,"y":1},"o":{"x":0.122,"y":1},"t":14,"s":[238.861,250,0],"to":[0,0,0],"ti":[0,0,0]},{"i":{"x":0.26,"y":1},"o":{"x":0,"y":0},"t":17,"s":[249.5,250,0],"to":[0,0,0],"ti":[0,0,0]},{"i":{"x":1,"y":1},"o":{"x":0.221,"y":0.221},"t":19,"s":[239.5,250,0],"to":[0,0,0],"ti":[0,0,0]},{"i":{"x":0,"y":1},"o":{"x":0.167,"y":0},"t":132,"s":[239.5,250,0],"to":[-27.667,0,0],"ti":[28,0,0]},{"t":144,"s":[71.5,250,0]}],"ix":2},"a":{"a":0,"k":[143.5,19,0],"ix":1},"s":{"a":0,"k":[150.174,150.174,100],"ix":6}},"ao":0,"shapes":[{"ty":"gr","it":[{"ind":0,"ty":"sh","ix":1,"ks":{"a":0,"k":{"i":[[-2.762,0],[0,0],[0,-0.552],[0,0],[0.553,0],[0,0],[0,2.762],[0,0]],"o":[[0,0],[0.553,0],[0,0],[0,0.553],[0,0],[-2.762,0],[0,0],[0,-2.761]],"v":[[-17,-19],[21,-19],[22,-18],[22,18],[21,19],[-17,19],[-22,14],[-22,-14]],"c":true},"ix":2},"nm":"Tracé 1","mn":"ADBE Vector Shape - Group","hd":false},{"ty":"fl","c":{"a":0,"k":[0.179090073529,0.179090073529,0.179090073529,1],"ix":4},"o":{"a":0,"k":100,"ix":5},"r":1,"bm":0,"nm":"Fond 1","mn":"ADBE Vector Graphic - Fill","hd":false},{"ty":"tr","p":{"a":0,"k":[244,19],"ix":2},"a":{"a":0,"k":[0,0],"ix":1},"s":{"a":0,"k":[100,100],"ix":3},"r":{"a":0,"k":0,"ix":6},"o":{"a":0,"k":100,"ix":7},"sk":{"a":0,"k":0,"ix":4},"sa":{"a":0,"k":0,"ix":5},"nm":"Transformer "}],"nm":"Groupe 1","np":2,"cix":2,"bm":0,"ix":1,"mn":"ADBE Vector Group","hd":false},{"ty":"gr","it":[{"ind":0,"ty":"sh","ix":1,"ks":{"a":0,"k":{"i":[[-1.657,0],[0,0],[0,-1.657],[0,0],[1.657,0],[0,0],[0,1.657],[0,0]],"o":[[0,0],[1.657,0],[0,0],[0,1.657],[0,0],[-1.657,0],[0,0],[0,-1.657]],"v":[[-8,-9],[8,-9],[11,-6],[11,6],[8,9],[-8,9],[-11,6],[-11,-6]],"c":true},"ix":2},"nm":"Tracé 1","mn":"ADBE Vector Shape - Group","hd":false},{"ty":"fl","c":{"a":0,"k":[0.172999991623,0.172999991623,0.172999991623,1],"ix":4},"o":{"a":0,"k":100,"ix":5},"r":1,"bm":0,"nm":"Fond 1","mn":"ADBE Vector Graphic - Fill","hd":false},{"ty":"tr","p":{"a":0,"k":[223,19],"ix":2},"a":{"a":0,"k":[0,0],"ix":1},"s":{"a":0,"k":[100,100],"ix":3},"r":{"a":0,"k":0,"ix":6},"o":{"a":0,"k":100,"ix":7},"sk":{"a":0,"k":0,"ix":4},"sa":{"a":0,"k":0,"ix":5},"nm":"Transformer "}],"nm":"Groupe 2","np":2,"cix":2,"bm":0,"ix":2,"mn":"ADBE Vector Group","hd":false},{"ty":"gr","it":[{"ind":0,"ty":"sh","ix":1,"ks":{"a":0,"k":{"i":[[0,0],[0,0],[0,0],[0,0]],"o":[[0,0],[0,0],[0,0],[0,0]],"v":[[-6.5,-13],[6.5,-13],[6.5,13],[-6.5,13]],"c":true},"ix":2},"nm":"Tracé 1","mn":"ADBE Vector Shape - Group","hd":false},{"ty":"fl","c":{"a":0,"k":[0.819999964097,0.819999964097,0.819999964097,1],"ix":4},"o":{"a":0,"k":100,"ix":5},"r":1,"bm":0,"nm":"Fond 1","mn":"ADBE Vector Graphic - Fill","hd":false},{"ty":"tr","p":{"a":0,"k":[262.5,19],"ix":2},"a":{"a":0,"k":[0,0],"ix":1},"s":{"a":0,"k":[100,100],"ix":3},"r":{"a":0,"k":0,"ix":6},"o":{"a":0,"k":100,"ix":7},"sk":{"a":0,"k":0,"ix":4},"sa":{"a":0,"k":0,"ix":5},"nm":"Transformer "}],"nm":"Groupe 3","np":2,"cix":2,"bm":0,"ix":3,"mn":"ADBE Vector Group","hd":false},{"ty":"gr","it":[{"ind":0,"ty":"sh","ix":1,"ks":{"a":0,"k":{"i":[[-1.657,0],[0,0],[0,-1.657],[0,0],[1.657,0],[0,0],[0,1.657],[0,0]],"o":[[0,0],[1.657,0],[0,0],[0,1.657],[0,0],[-1.657,0],[0,0],[0,-1.657]],"v":[[-12.5,-13],[12.5,-13],[15.5,-10],[15.5,10],[12.5,13],[-12.5,13],[-15.5,10],[-15.5,-10]],"c":true},"ix":2},"nm":"Tracé 1","mn":"ADBE Vector Shape - Group","hd":false},{"ty":"fl","c":{"a":0,"k":[0.866999966491,0.866999966491,0.866999966491,1],"ix":4},"o":{"a":0,"k":100,"ix":5},"r":1,"bm":0,"nm":"Fond 1","mn":"ADBE Vector Graphic - Fill","hd":false},{"ty":"tr","p":{"a":0,"k":[271.5,19],"ix":2},"a":{"a":0,"k":[0,0],"ix":1},"s":{"a":0,"k":[100,100],"ix":3},"r":{"a":0,"k":0,"ix":6},"o":{"a":0,"k":100,"ix":7},"sk":{"a":0,"k":0,"ix":4},"sa":{"a":0,"k":0,"ix":5},"nm":"Transformer "}],"nm":"Groupe 4","np":2,"cix":2,"bm":0,"ix":4,"mn":"ADBE Vector Group","hd":false}],"ip":0,"op":4125,"st":0,"bm":0},{"ddd":0,"ind":22,"ty":4,"nm":"Cable","sr":1,"ks":{"o":{"a":0,"k":100,"ix":11},"r":{"a":0,"k":0,"ix":10},"p":{"a":0,"k":[800,247.5,0],"ix":2},"a":{"a":0,"k":[0,0,0],"ix":1},"s":{"a":0,"k":[100,100,100],"ix":6}},"ao":0,"shapes":[{"ty":"gr","it":[{"ind":0,"ty":"sh","ix":1,"ks":{"a":0,"k":{"i":[[0,0],[0,0]],"o":[[0,0],[0,0]],"v":[[-789.5,2.5],[-401,2.5]],"c":false},"ix":2},"nm":"Tracé 1","mn":"ADBE Vector Shape - Group","hd":false},{"ty":"st","c":{"a":0,"k":[0.20637254902,0.20637254902,0.20637254902,1],"ix":3},"o":{"a":0,"k":100,"ix":4},"w":{"a":0,"k":15,"ix":5},"lc":2,"lj":1,"ml":4,"bm":0,"nm":"Contour 1","mn":"ADBE Vector Graphic - Stroke","hd":false},{"ty":"fl","c":{"a":0,"k":[0.219607992733,0.219607992733,0.219607992733,1],"ix":4},"o":{"a":0,"k":100,"ix":5},"r":1,"bm":0,"nm":"Fond 1","mn":"ADBE Vector Graphic - Fill","hd":false},{"ty":"tr","p":{"a":0,"k":[0,0],"ix":2},"a":{"a":0,"k":[0,0],"ix":1},"s":{"a":0,"k":[100,100],"ix":3},"r":{"a":0,"k":0,"ix":6},"o":{"a":0,"k":100,"ix":7},"sk":{"a":0,"k":0,"ix":4},"sa":{"a":0,"k":0,"ix":5},"nm":"Transformer "}],"nm":"Forme 1","np":3,"cix":2,"bm":0,"ix":1,"mn":"ADBE Vector Group","hd":false},{"ty":"tm","s":{"a":0,"k":0,"ix":1},"e":{"a":1,"k":[{"i":{"x":[0.346],"y":[0.82]},"o":{"x":[0.74],"y":[0.115]},"t":0,"s":[50]},{"i":{"x":[0.833],"y":[1]},"o":{"x":[0.167],"y":[12.135]},"t":21,"s":[100]},{"i":{"x":[0.833],"y":[0.833]},"o":{"x":[0.167],"y":[0.167]},"t":132,"s":[100]},{"t":141,"s":[50]}],"ix":2},"o":{"a":0,"k":0,"ix":3},"m":1,"ix":2,"nm":"Réduire les tracés 1","mn":"ADBE Vector Filter - Trim","hd":false}],"ip":0,"op":4125,"st":0,"bm":0}],"markers":[],"chars":[{"ch":"P","size":18,"style":"Semi Bold","w":64.35,"data":{"shapes":[{"ty":"gr","it":[{"ind":0,"ty":"sh","ix":1,"ks":{"a":0,"k":{"i":[[0,0],[0,0],[0,0],[0,0],[0,13.828],[16.53,0],[0,0]],"o":[[0,0],[0,0],[0,0],[16.6,0],[0,-13.722],[0,0],[0,0]],"v":[[7.089,0],[20.11,0],[20.11,-24.286],[33.867,-24.286],[59.381,-48.08],[34.042,-71.875],[7.089,-71.875]],"c":true},"ix":2},"nm":"P","mn":"ADBE Vector Shape - Group","hd":false},{"ind":1,"ty":"sh","ix":2,"ks":{"a":0,"k":{"i":[[0,0],[0,0],[0,0],[0,-7.651],[9.686,0]],"o":[[0,0],[0,0],[9.756,0],[0,7.651],[0,0]],"v":[[20.11,-34.99],[20.11,-60.995],[32.042,-60.995],[46.115,-48.08],[32.112,-34.99]],"c":true},"ix":2},"nm":"P","mn":"ADBE Vector Shape - Group","hd":false}],"nm":"P","np":5,"cix":2,"bm":0,"ix":1,"mn":"ADBE Vector Group","hd":false}]},"fFamily":"Inter"},{"ch":"I","size":18,"style":"Semi Bold","w":27.49,"data":{"shapes":[{"ty":"gr","it":[{"ind":0,"ty":"sh","ix":1,"ks":{"a":0,"k":{"i":[[0,0],[0,0],[0,0],[0,0]],"o":[[0,0],[0,0],[0,0],[0,0]],"v":[[20.11,-71.875],[7.089,-71.875],[7.089,0],[20.11,0]],"c":true},"ix":2},"nm":"I","mn":"ADBE Vector Shape - Group","hd":false}],"nm":"I","np":3,"cix":2,"bm":0,"ix":1,"mn":"ADBE Vector Group","hd":false}]},"fFamily":"Inter"},{"ch":"N","size":18,"style":"Semi Bold","w":74.08,"data":{"shapes":[{"ty":"gr","it":[{"ind":0,"ty":"sh","ix":1,"ks":{"a":0,"k":{"i":[[0,0],[0,0],[0,0],[0,0],[0,0],[0,0],[0,0],[0,0],[0,0],[0,0],[0,0],[0,0]],"o":[[0,0],[0,0],[0,0],[0,0],[0,0],[0,0],[0,0],[0,0],[0,0],[0,0],[0,0],[0,0]],"v":[[66.154,-71.875],[53.204,-71.875],[53.204,-22.882],[52.573,-22.882],[18.741,-71.875],[7.089,-71.875],[7.089,0],[20.11,0],[20.11,-48.958],[20.706,-48.958],[54.573,0],[66.154,0]],"c":true},"ix":2},"nm":"N","mn":"ADBE Vector Shape - Group","hd":false}],"nm":"N","np":3,"cix":2,"bm":0,"ix":1,"mn":"ADBE Vector Group","hd":false}]},"fFamily":"Inter"},{"ch":" ","size":18,"style":"Semi Bold","w":24.82,"data":{},"fFamily":"Inter"},{"ch":"c","size":18,"style":"Semi Bold","w":57.74,"data":{"shapes":[{"ty":"gr","it":[{"ind":0,"ty":"sh","ix":1,"ks":{"a":0,"k":{"i":[[-16.109,0],[-0.912,11.441],[0,0],[5.58,0],[0,11.02],[-7.826,0],[-0.983,-5.194],[0,0],[13.161,0],[0,-16.46]],"o":[[13.547,0],[0,0],[-1.088,5.791],[-7.932,0],[0,-10.88],[6.107,0],[0,0],[-0.877,-11.687],[-15.793,0],[0,16.319]],"v":[[30.042,1.053],[53.134,-18.425],[40.991,-18.425],[30.147,-9.3],[17.091,-26.953],[30.147,-44.36],[40.991,-35.236],[53.134,-35.236],[29.971,-54.608],[4.211,-26.743]],"c":true},"ix":2},"nm":"c","mn":"ADBE Vector Shape - Group","hd":false}],"nm":"c","np":3,"cix":2,"bm":0,"ix":1,"mn":"ADBE Vector Group","hd":false}]},"fFamily":"Inter"},{"ch":"o","size":18,"style":"Semi Bold","w":60.8,"data":{"shapes":[{"ty":"gr","it":[{"ind":0,"ty":"sh","ix":1,"ks":{"a":0,"k":{"i":[[-15.793,0],[0,16.67],[15.793,0],[0,-16.705]],"o":[[15.793,0],[0,-16.705],[-15.793,0],[0,16.67]],"v":[[30.042,1.053],[55.872,-26.743],[30.042,-54.608],[4.211,-26.743]],"c":true},"ix":2},"nm":"o","mn":"ADBE Vector Shape - Group","hd":false},{"ind":1,"ty":"sh","ix":2,"ks":{"a":0,"k":{"i":[[8.598,0],[0,9.862],[-8.739,0],[0,-9.862]],"o":[[-8.739,0],[0,-9.862],[8.598,0],[0,9.862]],"v":[[30.112,-9.125],[17.091,-26.778],[30.112,-44.536],[42.992,-26.778]],"c":true},"ix":2},"nm":"o","mn":"ADBE Vector Shape - Group","hd":false}],"nm":"o","np":5,"cix":2,"bm":0,"ix":1,"mn":"ADBE Vector Group","hd":false}]},"fFamily":"Inter"},{"ch":"d","size":18,"style":"Semi Bold","w":63.03,"data":{"shapes":[{"ty":"gr","it":[{"ind":0,"ty":"sh","ix":1,"ks":{"a":0,"k":{"i":[[-12.704,0],[-2,3.931],[0,0],[0,0],[0,0],[0,0],[0,0],[0,0],[0,0],[9.511,0],[0,-17.969]],"o":[[9.265,0],[0,0],[0,0],[0,0],[0,0],[0,0],[0,0],[0,0],[-1.93,-3.896],[-12.459,0],[0,17.758]],"v":[[26.532,0.948],[41.974,-8.493],[42.746,-8.493],[42.746,0],[55.24,0],[55.24,-71.875],[42.5,-71.875],[42.5,-44.992],[41.974,-44.992],[26.567,-54.608],[4.317,-26.883]],"c":true},"ix":2},"nm":"d","mn":"ADBE Vector Shape - Group","hd":false},{"ind":1,"ty":"sh","ix":2,"ks":{"a":0,"k":{"i":[[8.107,0],[0,10.107],[-8.458,0],[0,-10.458]],"o":[[-8.388,0],[0,-10.037],[8.177,0],[0,10.458]],"v":[[30.077,-9.476],[17.267,-26.953],[30.077,-44.185],[42.746,-26.953]],"c":true},"ix":2},"nm":"d","mn":"ADBE Vector Shape - Group","hd":false}],"nm":"d","np":5,"cix":2,"bm":0,"ix":1,"mn":"ADBE Vector Group","hd":false}]},"fFamily":"Inter"},{"ch":"e","size":18,"style":"Semi Bold","w":59.27,"data":{"shapes":[{"ty":"gr","it":[{"ind":0,"ty":"sh","ix":1,"ks":{"a":0,"k":{"i":[[-16.249,0],[-2.246,9.37],[0,0],[5.475,0],[0.105,9.23],[0,0],[0,0],[13.266,0],[0,-16.635]],"o":[[12.564,0],[0,0],[-1.72,4.562],[-8.212,0],[0,0],[0,0],[0,-18.916],[-15.442,0],[0,16.916]],"v":[[30.392,1.053],[53.836,-14.459],[41.974,-15.793],[30.568,-8.844],[16.811,-23.479],[54.362,-23.479],[54.362,-27.374],[29.726,-54.608],[4.211,-26.637]],"c":true},"ix":2},"nm":"e","mn":"ADBE Vector Shape - Group","hd":false},{"ind":1,"ty":"sh","ix":2,"ks":{"a":0,"k":{"i":[[0,0],[-7.581,0],[-0.07,-7.335]],"o":[[0.386,-6.879],[7.3,0],[0,0]],"v":[[16.846,-32.042],[29.901,-44.711],[42.184,-32.042]],"c":true},"ix":2},"nm":"e","mn":"ADBE Vector Shape - Group","hd":false}],"nm":"e","np":5,"cix":2,"bm":0,"ix":1,"mn":"ADBE Vector Group","hd":false}]},"fFamily":"Inter"},{"ch":"4","size":22,"style":"Semi Bold","w":66.58,"data":{"shapes":[{"ty":"gr","it":[{"ind":0,"ty":"sh","ix":1,"ks":{"a":0,"k":{"i":[[0,0],[0,0],[0,0],[0,0],[0,0],[0,0],[0,0],[0,0],[0,0],[0,0],[0,0]],"o":[[0,0],[0,0],[0,0],[0,0],[0,0],[0,0],[0,0],[0,0],[0,0],[0,0],[0,0]],"v":[[5.089,-13.336],[39.377,-13.336],[39.377,0],[51.801,0],[51.801,-13.336],[60.995,-13.336],[60.995,-24.04],[51.801,-24.04],[51.801,-71.875],[35.587,-71.875],[5.089,-23.689]],"c":true},"ix":2},"nm":"4","mn":"ADBE Vector Shape - Group","hd":false},{"ind":1,"ty":"sh","ix":2,"ks":{"a":0,"k":{"i":[[0,0],[0,0],[0,0],[0,0],[0,0]],"o":[[0,0],[0,0],[0,0],[0,0],[0,0]],"v":[[39.517,-24.04],[18.425,-24.04],[18.425,-24.602],[38.956,-57.135],[39.517,-57.135]],"c":true},"ix":2},"nm":"4","mn":"ADBE Vector Shape - Group","hd":false}],"nm":"4","np":5,"cix":2,"bm":0,"ix":1,"mn":"ADBE Vector Group","hd":false}]},"fFamily":"Inter"},{"ch":"-","size":22,"style":"Semi Bold","w":46.59,"data":{"shapes":[{"ty":"gr","it":[{"ind":0,"ty":"sh","ix":1,"ks":{"a":0,"k":{"i":[[0,0],[0,0],[0,0],[0,0]],"o":[[0,0],[0,0],[0,0],[0,0]],"v":[[39.201,-35.165],[6.844,-35.165],[6.844,-24.707],[39.201,-24.707]],"c":true},"ix":2},"nm":"-","mn":"ADBE Vector Shape - Group","hd":false}],"nm":"-","np":3,"cix":2,"bm":0,"ix":1,"mn":"ADBE Vector Group","hd":false}]},"fFamily":"Inter"}]}