{"v":"5.5.8","fr":25,"ip":0,"op":147,"w":1250,"h":500,"nm":"Composition 1","ddd":0,"assets":[],"fonts":{"list":[{"fName":"Inter-SemiBold","fFamily":"Inter","fStyle":"Semi Bold","ascent":72.7279663085938}]},"layers":[{"ddd":0,"ind":1,"ty":4,"nm":"lock Silhouettes","sr":1,"ks":{"o":{"a":0,"k":100,"ix":11},"r":{"a":0,"k":0,"ix":10},"p":{"a":0,"k":[628.555,221,0],"ix":2},"a":{"a":0,"k":[5.5,7,0],"ix":1},"s":{"a":0,"k":[205.766,205.766,100],"ix":6}},"ao":0,"shapes":[{"ty":"gr","it":[{"ind":0,"ty":"sh","ix":1,"ks":{"a":0,"k":{"i":[[1.134,0],[0,0],[0,1.135],[0,0],[-1.134,0],[0,-1.134],[0,0]],"o":[[0,0],[-1.134,0],[0,0],[0,-1.134],[1.134,0],[0,0],[0,1.135]],"v":[[-0.001,3.721],[-0.001,3.721],[-2.053,1.667],[-2.053,-1.667],[-0.001,-3.721],[2.053,-1.667],[2.053,1.667]],"c":true},"ix":2},"nm":"Tracé 1","mn":"ADBE Vector Shape - Group","hd":false},{"ty":"st","c":{"a":0,"k":[0.811999990426,0.964999988032,0.991999966491,1],"ix":3},"o":{"a":0,"k":100,"ix":4},"w":{"a":0,"k":1.3,"ix":5},"lc":1,"lj":1,"ml":10,"bm":0,"nm":"Contour 1","mn":"ADBE Vector Graphic - Stroke","hd":false},{"ty":"tr","p":{"a":0,"k":[5.411,5.794],"ix":2},"a":{"a":0,"k":[0,0],"ix":1},"s":{"a":0,"k":[100,100],"ix":3},"r":{"a":0,"k":0,"ix":6},"o":{"a":0,"k":100,"ix":7},"sk":{"a":0,"k":0,"ix":4},"sa":{"a":0,"k":0,"ix":5},"nm":"Transformer "}],"nm":"Groupe 1","np":2,"cix":2,"bm":0,"ix":1,"mn":"ADBE Vector Group","hd":false},{"ty":"gr","it":[{"ind":0,"ty":"sh","ix":1,"ks":{"a":0,"k":{"i":[[0.47,0],[0,0],[0,0.47],[0,0],[-0.47,0],[0,0],[0,-0.47],[0,0]],"o":[[0,0],[-0.47,0],[0,0],[0,-0.47],[0,0],[0.47,0],[0,0],[0,0.47]],"v":[[2.936,2.94],[-2.936,2.94],[-3.788,2.089],[-3.788,-2.09],[-2.936,-2.94],[2.936,-2.94],[3.788,-2.09],[3.788,2.089]],"c":true},"ix":2},"nm":"Tracé 1","mn":"ADBE Vector Shape - Group","hd":false},{"ty":"fl","c":{"a":0,"k":[0.811999990426,0.964999988032,0.991999966491,1],"ix":4},"o":{"a":0,"k":100,"ix":5},"r":1,"bm":0,"nm":"Fond 1","mn":"ADBE Vector Graphic - Fill","hd":false},{"ty":"tr","p":{"a":0,"k":[5.321,8.787],"ix":2},"a":{"a":0,"k":[0,0],"ix":1},"s":{"a":0,"k":[100,100],"ix":3},"r":{"a":0,"k":0,"ix":6},"o":{"a":0,"k":100,"ix":7},"sk":{"a":0,"k":0,"ix":4},"sa":{"a":0,"k":0,"ix":5},"nm":"Transformer "}],"nm":"Groupe 2","np":2,"cix":2,"bm":0,"ix":2,"mn":"ADBE Vector Group","hd":false}],"ip":56,"op":132,"st":56,"bm":0},{"ddd":0,"ind":2,"ty":5,"nm":"- 7","sr":1,"ks":{"o":{"a":0,"k":100,"ix":11},"r":{"a":0,"k":0,"ix":10},"p":{"a":0,"k":[697.592,288,0],"ix":2},"a":{"a":0,"k":[0,0,0],"ix":1},"s":{"a":0,"k":[100,100,100],"ix":6}},"ao":0,"t":{"d":{"k":[{"s":{"s":22,"f":"Inter-SemiBold","t":"-","j":2,"tr":0,"lh":26.4,"ls":0,"fc":[0.812,0.969,0.992]},"t":0}]},"p":{},"m":{"g":1,"a":{"a":0,"k":[0,0],"ix":2}},"a":[]},"ip":56,"op":132,"st":56,"bm":0},{"ddd":0,"ind":3,"ty":5,"nm":"- 6","sr":1,"ks":{"o":{"a":0,"k":100,"ix":11},"r":{"a":0,"k":0,"ix":10},"p":{"a":0,"k":[677.592,288,0],"ix":2},"a":{"a":0,"k":[0,0,0],"ix":1},"s":{"a":0,"k":[100,100,100],"ix":6}},"ao":0,"t":{"d":{"k":[{"s":{"s":22,"f":"Inter-SemiBold","t":"-","j":2,"tr":0,"lh":26.4,"ls":0,"fc":[0.812,0.969,0.992]},"t":0}]},"p":{},"m":{"g":1,"a":{"a":0,"k":[0,0],"ix":2}},"a":[]},"ip":56,"op":132,"st":56,"bm":0},{"ddd":0,"ind":4,"ty":5,"nm":"- 5","sr":1,"ks":{"o":{"a":0,"k":100,"ix":11},"r":{"a":0,"k":0,"ix":10},"p":{"a":0,"k":[657.592,288,0],"ix":2},"a":{"a":0,"k":[0,0,0],"ix":1},"s":{"a":0,"k":[100,100,100],"ix":6}},"ao":0,"t":{"d":{"k":[{"s":{"s":22,"f":"Inter-SemiBold","t":"-","j":2,"tr":0,"lh":26.4,"ls":0,"fc":[0.812,0.969,0.992]},"t":0}]},"p":{},"m":{"g":1,"a":{"a":0,"k":[0,0],"ix":2}},"a":[]},"ip":56,"op":132,"st":56,"bm":0},{"ddd":0,"ind":5,"ty":5,"nm":"- 4","sr":1,"ks":{"o":{"a":0,"k":100,"ix":11},"r":{"a":0,"k":0,"ix":10},"p":{"a":0,"k":[637.592,288,0],"ix":2},"a":{"a":0,"k":[0,0,0],"ix":1},"s":{"a":0,"k":[100,100,100],"ix":6}},"ao":0,"t":{"d":{"k":[{"s":{"s":22,"f":"Inter-SemiBold","t":"-","j":2,"tr":0,"lh":26.4,"ls":0,"fc":[0.812,0.969,0.992]},"t":0}]},"p":{},"m":{"g":1,"a":{"a":0,"k":[0,0],"ix":2}},"a":[]},"ip":56,"op":132,"st":56,"bm":0},{"ddd":0,"ind":6,"ty":5,"nm":"- 8","sr":1,"ks":{"o":{"a":0,"k":100,"ix":11},"r":{"a":0,"k":0,"ix":10},"p":{"a":0,"k":[617.592,288,0],"ix":2},"a":{"a":0,"k":[0,0,0],"ix":1},"s":{"a":0,"k":[100,100,100],"ix":6}},"ao":0,"t":{"d":{"k":[{"s":{"s":22,"f":"Inter-SemiBold","t":"-","j":2,"tr":0,"lh":26.4,"ls":0,"fc":[0.812,0.969,0.992]},"t":0}]},"p":{},"m":{"g":1,"a":{"a":0,"k":[0,0],"ix":2}},"a":[]},"ip":56,"op":132,"st":56,"bm":0},{"ddd":0,"ind":7,"ty":5,"nm":"- 3","sr":1,"ks":{"o":{"a":0,"k":100,"ix":11},"r":{"a":0,"k":0,"ix":10},"p":{"a":0,"k":[597.592,288,0],"ix":2},"a":{"a":0,"k":[0,0,0],"ix":1},"s":{"a":0,"k":[100,100,100],"ix":6}},"ao":0,"t":{"d":{"k":[{"s":{"s":22,"f":"Inter-SemiBold","t":"-","j":2,"tr":0,"lh":26.4,"ls":0,"fc":[0.812,0.969,0.992]},"t":0}]},"p":{},"m":{"g":1,"a":{"a":0,"k":[0,0],"ix":2}},"a":[]},"ip":56,"op":132,"st":56,"bm":0},{"ddd":0,"ind":8,"ty":5,"nm":"- 2","sr":1,"ks":{"o":{"a":0,"k":100,"ix":11},"r":{"a":0,"k":0,"ix":10},"p":{"a":0,"k":[577.592,288,0],"ix":2},"a":{"a":0,"k":[0,0,0],"ix":1},"s":{"a":0,"k":[100,100,100],"ix":6}},"ao":0,"t":{"d":{"k":[{"s":{"s":22,"f":"Inter-SemiBold","t":"-","j":2,"tr":0,"lh":26.4,"ls":0,"fc":[0.812,0.969,0.992]},"t":0}]},"p":{},"m":{"g":1,"a":{"a":0,"k":[0,0],"ix":2}},"a":[]},"ip":56,"op":132,"st":56,"bm":0},{"ddd":0,"ind":9,"ty":5,"nm":"4 ","sr":1,"ks":{"o":{"a":0,"k":100,"ix":11},"r":{"a":0,"k":0,"ix":10},"p":{"a":0,"k":[557.587,288,0],"ix":2},"a":{"a":0,"k":[0,0,0],"ix":1},"s":{"a":0,"k":[100,100,100],"ix":6}},"ao":0,"t":{"d":{"k":[{"s":{"s":22,"f":"Inter-SemiBold","t":"4","j":2,"tr":0,"lh":26.4,"ls":0,"fc":[0.812,0.969,0.992]},"t":0}]},"p":{},"m":{"g":1,"a":{"a":0,"k":[0,0],"ix":2}},"a":[]},"ip":56,"op":132,"st":56,"bm":0},{"ddd":0,"ind":10,"ty":5,"nm":"Enter PIN code","sr":1,"ks":{"o":{"a":0,"k":100,"ix":11},"r":{"a":0,"k":0,"ix":10},"p":{"a":0,"k":[627.945,259,0],"ix":2},"a":{"a":0,"k":[0,0,0],"ix":1},"s":{"a":0,"k":[100,100,100],"ix":6}},"ao":0,"t":{"d":{"k":[{"s":{"s":18,"f":"Inter-SemiBold","t":"Enter PIN code","j":2,"tr":0,"lh":21.6,"ls":0,"fc":[0.812,0.969,0.992]},"t":0}]},"p":{},"m":{"g":1,"a":{"a":0,"k":[0,0],"ix":2}},"a":[]},"ip":56,"op":132,"st":56,"bm":0},{"ddd":0,"ind":11,"ty":4,"nm":"Calque de forme 12","sr":1,"ks":{"o":{"a":0,"k":100,"ix":11},"r":{"a":0,"k":180,"ix":10},"p":{"a":0,"k":[543,252.75,0],"ix":2},"a":{"a":0,"k":[-90,3.75,0],"ix":1},"s":{"a":0,"k":[100,100,100],"ix":6}},"ao":0,"shapes":[{"ty":"gr","it":[{"ind":0,"ty":"sh","ix":1,"ks":{"a":0,"k":{"i":[[0,0],[0,0],[1.75,-1.792]],"o":[[-1.875,-1.833],[0,0],[0,0]],"v":[[-84.656,6.484],[-90.25,1],[-96.125,6.75]],"c":false},"ix":2},"nm":"Tracé 1","mn":"ADBE Vector Shape - Group","hd":false},{"ty":"st","c":{"a":0,"k":[0.811764765721,0.968627510819,0.992156922583,1],"ix":3},"o":{"a":0,"k":100,"ix":4},"w":{"a":0,"k":1.5,"ix":5},"lc":1,"lj":1,"ml":4,"bm":0,"nm":"Contour 1","mn":"ADBE Vector Graphic - Stroke","hd":false},{"ty":"fl","c":{"a":0,"k":[0.219607858097,0.219607858097,0.219607858097,1],"ix":4},"o":{"a":0,"k":100,"ix":5},"r":1,"bm":0,"nm":"Fond 1","mn":"ADBE Vector Graphic - Fill","hd":false},{"ty":"tr","p":{"a":0,"k":[0,0],"ix":2},"a":{"a":0,"k":[0,0],"ix":1},"s":{"a":0,"k":[100,100],"ix":3},"r":{"a":0,"k":0,"ix":6},"o":{"a":0,"k":100,"ix":7},"sk":{"a":0,"k":0,"ix":4},"sa":{"a":0,"k":0,"ix":5},"nm":"Transformer "}],"nm":"Forme 1","np":3,"cix":2,"bm":0,"ix":1,"mn":"ADBE Vector Group","hd":false}],"ip":56,"op":132,"st":56,"bm":0},{"ddd":0,"ind":12,"ty":4,"nm":"Calque de forme 11","sr":1,"ks":{"o":{"a":0,"k":100,"ix":11},"r":{"a":0,"k":0,"ix":10},"p":{"a":0,"k":[803,250,0],"ix":2},"a":{"a":0,"k":[0,0,0],"ix":1},"s":{"a":0,"k":[100,100,100],"ix":6}},"ao":0,"shapes":[{"ty":"gr","it":[{"ind":0,"ty":"sh","ix":1,"ks":{"a":0,"k":{"i":[[0,0],[0,0],[0,0]],"o":[[-1.875,-1.833],[0,0],[0,0]],"v":[[-85,6.125],[-90.25,1],[-95.5,6.375]],"c":false},"ix":2},"nm":"Tracé 1","mn":"ADBE Vector Shape - Group","hd":false},{"ty":"st","c":{"a":0,"k":[0.811764765721,0.968627510819,0.992156922583,1],"ix":3},"o":{"a":0,"k":100,"ix":4},"w":{"a":0,"k":1.5,"ix":5},"lc":1,"lj":1,"ml":4,"bm":0,"nm":"Contour 1","mn":"ADBE Vector Graphic - Stroke","hd":false},{"ty":"fl","c":{"a":0,"k":[0.219607858097,0.219607858097,0.219607858097,1],"ix":4},"o":{"a":0,"k":100,"ix":5},"r":1,"bm":0,"nm":"Fond 1","mn":"ADBE Vector Graphic - Fill","hd":false},{"ty":"tr","p":{"a":0,"k":[0,0],"ix":2},"a":{"a":0,"k":[0,0],"ix":1},"s":{"a":0,"k":[100,100],"ix":3},"r":{"a":0,"k":0,"ix":6},"o":{"a":0,"k":100,"ix":7},"sk":{"a":0,"k":0,"ix":4},"sa":{"a":0,"k":0,"ix":5},"nm":"Transformer "}],"nm":"Forme 1","np":3,"cix":2,"bm":0,"ix":1,"mn":"ADBE Vector Group","hd":false}],"ip":56,"op":132,"st":56,"bm":0},{"ddd":0,"ind":14,"ty":4,"nm":"Calque de forme 5","sr":1,"ks":{"o":{"a":0,"k":100,"ix":11},"r":{"a":0,"k":-117,"ix":10},"p":{"a":0,"k":[368.759,390.759,0],"ix":2},"a":{"a":0,"k":[-451.241,-109.241,0],"ix":1},"s":{"a":0,"k":[100,100,100],"ix":6}},"ao":0,"ef":[{"ty":22,"nm":"Trait","np":13,"mn":"ADBE Stroke","ix":1,"en":1,"ef":[{"ty":10,"nm":"Chemin","mn":"ADBE Stroke-0001","ix":1,"v":{"a":0,"k":0,"ix":1}},{"ty":7,"nm":"Tous les masques","mn":"ADBE Stroke-0010","ix":2,"v":{"a":0,"k":0,"ix":2}},{"ty":7,"nm":"Contour séquentiel","mn":"ADBE Stroke-0011","ix":3,"v":{"a":0,"k":1,"ix":3}},{"ty":2,"nm":"Couleur","mn":"ADBE Stroke-0002","ix":4,"v":{"a":0,"k":[1,1,1,1],"ix":4}},{"ty":0,"nm":"Epaisseur","mn":"ADBE Stroke-0003","ix":5,"v":{"a":0,"k":2,"ix":5}},{"ty":0,"nm":"Dureté","mn":"ADBE Stroke-0004","ix":6,"v":{"a":0,"k":0.75,"ix":6}},{"ty":0,"nm":"Opacité","mn":"ADBE Stroke-0005","ix":7,"v":{"a":0,"k":1,"ix":7}},{"ty":0,"nm":"Début","mn":"ADBE Stroke-0008","ix":8,"v":{"a":0,"k":100,"ix":8}},{"ty":0,"nm":"Fin","mn":"ADBE Stroke-0009","ix":9,"v":{"a":0,"k":0,"ix":9}},{"ty":7,"nm":"Espacement","mn":"ADBE Stroke-0006","ix":10,"v":{"a":0,"k":15,"ix":10}},{"ty":7,"nm":"Style de peinture","mn":"ADBE Stroke-0007","ix":11,"v":{"a":0,"k":1,"ix":11}}]}],"shapes":[{"ty":"gr","it":[{"ind":0,"ty":"sh","ix":1,"ks":{"a":0,"k":{"i":[[0,0],[0,0]],"o":[[0,0],[0,0]],"v":[[-423,-81],[-484,-142]],"c":false},"ix":2},"nm":"Tracé 1","mn":"ADBE Vector Shape - Group","hd":false},{"ty":"st","c":{"a":0,"k":[0.392156862745,0.564705882353,0.945098039216,1],"ix":3},"o":{"a":0,"k":100,"ix":4},"w":{"a":0,"k":10,"ix":5},"lc":2,"lj":1,"ml":4,"bm":0,"nm":"Contour 1","mn":"ADBE Vector Graphic - Stroke","hd":false},{"ty":"tr","p":{"a":0,"k":[0,0],"ix":2},"a":{"a":0,"k":[0,0],"ix":1},"s":{"a":0,"k":[100,100],"ix":3},"r":{"a":0,"k":0,"ix":6},"o":{"a":0,"k":100,"ix":7},"sk":{"a":0,"k":0,"ix":4},"sa":{"a":0,"k":0,"ix":5},"nm":"Transformer "}],"nm":"Forme 1","np":3,"cix":2,"bm":0,"ix":1,"mn":"ADBE Vector Group","hd":false},{"ty":"tm","s":{"a":1,"k":[{"i":{"x":[0.667],"y":[1]},"o":{"x":[0.333],"y":[0]},"t":19,"s":[0]},{"t":24,"s":[100]}],"ix":1},"e":{"a":1,"k":[{"i":{"x":[0.667],"y":[1]},"o":{"x":[0.333],"y":[0]},"t":14.286,"s":[0]},{"t":19,"s":[100]}],"ix":2},"o":{"a":0,"k":0,"ix":3},"m":1,"ix":2,"nm":"Raccorder les tracés 1","mn":"ADBE Vector Filter - Trim","hd":false}],"ip":0,"op":4125,"st":0,"bm":0},{"ddd":0,"ind":15,"ty":4,"nm":"Calque de forme 3","sr":1,"ks":{"o":{"a":0,"k":100,"ix":11},"r":{"a":0,"k":-90,"ix":10},"p":{"a":0,"k":[348.759,350.759,0],"ix":2},"a":{"a":0,"k":[-451.241,-109.241,0],"ix":1},"s":{"a":0,"k":[100,100,100],"ix":6}},"ao":0,"ef":[{"ty":22,"nm":"Trait","np":13,"mn":"ADBE Stroke","ix":1,"en":1,"ef":[{"ty":10,"nm":"Chemin","mn":"ADBE Stroke-0001","ix":1,"v":{"a":0,"k":0,"ix":1}},{"ty":7,"nm":"Tous les masques","mn":"ADBE Stroke-0010","ix":2,"v":{"a":0,"k":0,"ix":2}},{"ty":7,"nm":"Contour séquentiel","mn":"ADBE Stroke-0011","ix":3,"v":{"a":0,"k":1,"ix":3}},{"ty":2,"nm":"Couleur","mn":"ADBE Stroke-0002","ix":4,"v":{"a":0,"k":[1,1,1,1],"ix":4}},{"ty":0,"nm":"Epaisseur","mn":"ADBE Stroke-0003","ix":5,"v":{"a":0,"k":2,"ix":5}},{"ty":0,"nm":"Dureté","mn":"ADBE Stroke-0004","ix":6,"v":{"a":0,"k":0.75,"ix":6}},{"ty":0,"nm":"Opacité","mn":"ADBE Stroke-0005","ix":7,"v":{"a":0,"k":1,"ix":7}},{"ty":0,"nm":"Début","mn":"ADBE Stroke-0008","ix":8,"v":{"a":0,"k":100,"ix":8}},{"ty":0,"nm":"Fin","mn":"ADBE Stroke-0009","ix":9,"v":{"a":0,"k":0,"ix":9}},{"ty":7,"nm":"Espacement","mn":"ADBE Stroke-0006","ix":10,"v":{"a":0,"k":15,"ix":10}},{"ty":7,"nm":"Style de peinture","mn":"ADBE Stroke-0007","ix":11,"v":{"a":0,"k":1,"ix":11}}]}],"shapes":[{"ty":"gr","it":[{"ind":0,"ty":"sh","ix":1,"ks":{"a":0,"k":{"i":[[0,0],[0,0]],"o":[[0,0],[0,0]],"v":[[-423,-81],[-484,-142]],"c":false},"ix":2},"nm":"Tracé 1","mn":"ADBE Vector Shape - Group","hd":false},{"ty":"st","c":{"a":0,"k":[0.392156862745,0.564705882353,0.945098039216,1],"ix":3},"o":{"a":0,"k":100,"ix":4},"w":{"a":0,"k":10,"ix":5},"lc":2,"lj":1,"ml":4,"bm":0,"nm":"Contour 1","mn":"ADBE Vector Graphic - Stroke","hd":false},{"ty":"tr","p":{"a":0,"k":[0,0],"ix":2},"a":{"a":0,"k":[0,0],"ix":1},"s":{"a":0,"k":[100,100],"ix":3},"r":{"a":0,"k":0,"ix":6},"o":{"a":0,"k":100,"ix":7},"sk":{"a":0,"k":0,"ix":4},"sa":{"a":0,"k":0,"ix":5},"nm":"Transformer "}],"nm":"Forme 1","np":3,"cix":2,"bm":0,"ix":1,"mn":"ADBE Vector Group","hd":false},{"ty":"tm","s":{"a":1,"k":[{"i":{"x":[0.667],"y":[1]},"o":{"x":[0.333],"y":[0]},"t":19,"s":[0]},{"t":24,"s":[100]}],"ix":1},"e":{"a":1,"k":[{"i":{"x":[0.667],"y":[1]},"o":{"x":[0.333],"y":[0]},"t":14.286,"s":[0]},{"t":19,"s":[100]}],"ix":2},"o":{"a":0,"k":0,"ix":3},"m":1,"ix":2,"nm":"Raccorder les tracés 1","mn":"ADBE Vector Filter - Trim","hd":false}],"ip":0,"op":4125,"st":0,"bm":0},{"ddd":0,"ind":16,"ty":4,"nm":"Calque de forme 4","sr":1,"ks":{"o":{"a":0,"k":100,"ix":11},"r":{"a":0,"k":27,"ix":10},"p":{"a":0,"k":[378.759,100.759,0],"ix":2},"a":{"a":0,"k":[-451.241,-109.241,0],"ix":1},"s":{"a":0,"k":[100,100,100],"ix":6}},"ao":0,"ef":[{"ty":22,"nm":"Trait","np":13,"mn":"ADBE Stroke","ix":1,"en":1,"ef":[{"ty":10,"nm":"Chemin","mn":"ADBE Stroke-0001","ix":1,"v":{"a":0,"k":0,"ix":1}},{"ty":7,"nm":"Tous les masques","mn":"ADBE Stroke-0010","ix":2,"v":{"a":0,"k":0,"ix":2}},{"ty":7,"nm":"Contour séquentiel","mn":"ADBE Stroke-0011","ix":3,"v":{"a":0,"k":1,"ix":3}},{"ty":2,"nm":"Couleur","mn":"ADBE Stroke-0002","ix":4,"v":{"a":0,"k":[1,1,1,1],"ix":4}},{"ty":0,"nm":"Epaisseur","mn":"ADBE Stroke-0003","ix":5,"v":{"a":0,"k":2,"ix":5}},{"ty":0,"nm":"Dureté","mn":"ADBE Stroke-0004","ix":6,"v":{"a":0,"k":0.75,"ix":6}},{"ty":0,"nm":"Opacité","mn":"ADBE Stroke-0005","ix":7,"v":{"a":0,"k":1,"ix":7}},{"ty":0,"nm":"Début","mn":"ADBE Stroke-0008","ix":8,"v":{"a":0,"k":100,"ix":8}},{"ty":0,"nm":"Fin","mn":"ADBE Stroke-0009","ix":9,"v":{"a":0,"k":0,"ix":9}},{"ty":7,"nm":"Espacement","mn":"ADBE Stroke-0006","ix":10,"v":{"a":0,"k":15,"ix":10}},{"ty":7,"nm":"Style de peinture","mn":"ADBE Stroke-0007","ix":11,"v":{"a":0,"k":1,"ix":11}}]}],"shapes":[{"ty":"gr","it":[{"ind":0,"ty":"sh","ix":1,"ks":{"a":0,"k":{"i":[[0,0],[0,0]],"o":[[0,0],[0,0]],"v":[[-423,-81],[-484,-142]],"c":false},"ix":2},"nm":"Tracé 1","mn":"ADBE Vector Shape - Group","hd":false},{"ty":"st","c":{"a":0,"k":[0.392156862745,0.564705882353,0.945098039216,1],"ix":3},"o":{"a":0,"k":100,"ix":4},"w":{"a":0,"k":10,"ix":5},"lc":2,"lj":1,"ml":4,"bm":0,"nm":"Contour 1","mn":"ADBE Vector Graphic - Stroke","hd":false},{"ty":"tr","p":{"a":0,"k":[0,0],"ix":2},"a":{"a":0,"k":[0,0],"ix":1},"s":{"a":0,"k":[100,100],"ix":3},"r":{"a":0,"k":0,"ix":6},"o":{"a":0,"k":100,"ix":7},"sk":{"a":0,"k":0,"ix":4},"sa":{"a":0,"k":0,"ix":5},"nm":"Transformer "}],"nm":"Forme 1","np":3,"cix":2,"bm":0,"ix":1,"mn":"ADBE Vector Group","hd":false},{"ty":"tm","s":{"a":1,"k":[{"i":{"x":[0.667],"y":[1]},"o":{"x":[0.333],"y":[0]},"t":19,"s":[0]},{"t":24,"s":[100]}],"ix":1},"e":{"a":1,"k":[{"i":{"x":[0.667],"y":[1]},"o":{"x":[0.333],"y":[0]},"t":14.286,"s":[0]},{"t":19,"s":[100]}],"ix":2},"o":{"a":0,"k":0,"ix":3},"m":1,"ix":2,"nm":"Raccorder les tracés 1","mn":"ADBE Vector Filter - Trim","hd":false}],"ip":0,"op":4125,"st":0,"bm":0},{"ddd":0,"ind":17,"ty":4,"nm":"Calque de forme 1","sr":1,"ks":{"o":{"a":0,"k":100,"ix":11},"r":{"a":0,"k":0,"ix":10},"p":{"a":0,"k":[800,250,0],"ix":2},"a":{"a":0,"k":[0,0,0],"ix":1},"s":{"a":0,"k":[100,100,100],"ix":6}},"ao":0,"ef":[{"ty":22,"nm":"Trait","np":13,"mn":"ADBE Stroke","ix":1,"en":1,"ef":[{"ty":10,"nm":"Chemin","mn":"ADBE Stroke-0001","ix":1,"v":{"a":0,"k":0,"ix":1}},{"ty":7,"nm":"Tous les masques","mn":"ADBE Stroke-0010","ix":2,"v":{"a":0,"k":0,"ix":2}},{"ty":7,"nm":"Contour séquentiel","mn":"ADBE Stroke-0011","ix":3,"v":{"a":0,"k":1,"ix":3}},{"ty":2,"nm":"Couleur","mn":"ADBE Stroke-0002","ix":4,"v":{"a":0,"k":[1,1,1,1],"ix":4}},{"ty":0,"nm":"Epaisseur","mn":"ADBE Stroke-0003","ix":5,"v":{"a":0,"k":2,"ix":5}},{"ty":0,"nm":"Dureté","mn":"ADBE Stroke-0004","ix":6,"v":{"a":0,"k":0.75,"ix":6}},{"ty":0,"nm":"Opacité","mn":"ADBE Stroke-0005","ix":7,"v":{"a":0,"k":1,"ix":7}},{"ty":0,"nm":"Début","mn":"ADBE Stroke-0008","ix":8,"v":{"a":0,"k":100,"ix":8}},{"ty":0,"nm":"Fin","mn":"ADBE Stroke-0009","ix":9,"v":{"a":0,"k":0,"ix":9}},{"ty":7,"nm":"Espacement","mn":"ADBE Stroke-0006","ix":10,"v":{"a":0,"k":15,"ix":10}},{"ty":7,"nm":"Style de peinture","mn":"ADBE Stroke-0007","ix":11,"v":{"a":0,"k":1,"ix":11}}]}],"shapes":[{"ty":"gr","it":[{"ind":0,"ty":"sh","ix":1,"ks":{"a":0,"k":{"i":[[0,0],[0,0]],"o":[[0,0],[0,0]],"v":[[-423,-81],[-484,-142]],"c":false},"ix":2},"nm":"Tracé 1","mn":"ADBE Vector Shape - Group","hd":false},{"ty":"st","c":{"a":0,"k":[0.392156862745,0.564705882353,0.945098039216,1],"ix":3},"o":{"a":0,"k":100,"ix":4},"w":{"a":0,"k":10,"ix":5},"lc":2,"lj":1,"ml":4,"bm":0,"nm":"Contour 1","mn":"ADBE Vector Graphic - Stroke","hd":false},{"ty":"tr","p":{"a":0,"k":[0,0],"ix":2},"a":{"a":0,"k":[0,0],"ix":1},"s":{"a":0,"k":[100,100],"ix":3},"r":{"a":0,"k":0,"ix":6},"o":{"a":0,"k":100,"ix":7},"sk":{"a":0,"k":0,"ix":4},"sa":{"a":0,"k":0,"ix":5},"nm":"Transformer "}],"nm":"Forme 1","np":3,"cix":2,"bm":0,"ix":1,"mn":"ADBE Vector Group","hd":false},{"ty":"tm","s":{"a":1,"k":[{"i":{"x":[0.667],"y":[1]},"o":{"x":[0.333],"y":[0]},"t":19,"s":[0]},{"t":24,"s":[100]}],"ix":1},"e":{"a":1,"k":[{"i":{"x":[0.667],"y":[1]},"o":{"x":[0.333],"y":[0]},"t":14.286,"s":[0]},{"t":19,"s":[100]}],"ix":2},"o":{"a":0,"k":0,"ix":3},"m":1,"ix":2,"nm":"Raccorder les tracés 1","mn":"ADBE Vector Filter - Trim","hd":false}],"ip":0,"op":4125,"st":0,"bm":0},{"ddd":0,"ind":18,"ty":4,"nm":"NANO","sr":1,"ks":{"o":{"a":0,"k":100,"ix":11},"r":{"a":0,"k":0,"ix":10},"p":{"a":1,"k":[{"i":{"x":0.189,"y":1},"o":{"x":0.288,"y":0},"t":14,"s":[800,250,0],"to":[1.333,0,0],"ti":[0,0,0]},{"i":{"x":1,"y":1},"o":{"x":1,"y":0},"t":16,"s":[808,250,0],"to":[0,0,0],"ti":[1.333,0,0]},{"t":18,"s":[800,250,0]}],"ix":2},"a":{"a":0,"k":[253,43.5,0],"ix":1},"s":{"a":0,"k":[149.821,149.821,100],"ix":6}},"ao":0,"shapes":[{"ty":"gr","it":[{"ty":"gr","it":[{"ind":0,"ty":"sh","ix":1,"ks":{"a":0,"k":{"i":[[0,0],[0,0],[-3.59,0],[0,0],[0,0]],"o":[[0,0],[0,3.589],[0,0],[0,0],[0,0]],"v":[[-4.835,-4.835],[-4.835,-1.663],[1.664,4.835],[4.835,4.835],[4.835,-4.835]],"c":true},"ix":2},"nm":"Tracé 1","mn":"ADBE Vector Shape - Group","hd":false},{"ty":"fl","c":{"a":0,"k":[0.812928981407,0.966836727367,0.992463235294,1],"ix":4},"o":{"a":0,"k":100,"ix":5},"r":1,"bm":0,"nm":"Fond 1","mn":"ADBE Vector Graphic - Fill","hd":false},{"ty":"tr","p":{"a":0,"k":[4.835,35.781],"ix":2},"a":{"a":0,"k":[0,0],"ix":1},"s":{"a":0,"k":[100,100],"ix":3},"r":{"a":0,"k":0,"ix":6},"o":{"a":0,"k":100,"ix":7},"sk":{"a":0,"k":0,"ix":4},"sa":{"a":0,"k":0,"ix":5},"nm":"Transformer "}],"nm":"Groupe 1","np":2,"cix":2,"bm":0,"ix":1,"mn":"ADBE Vector Group","hd":false},{"ty":"gr","it":[{"ind":0,"ty":"sh","ix":1,"ks":{"a":0,"k":{"i":[[0,0],[0,0],[0,0],[0,0]],"o":[[0,0],[0,0],[0,0],[0,0]],"v":[[-4.835,4.835],[4.835,4.835],[4.835,-4.835],[-4.835,-4.835]],"c":true},"ix":2},"nm":"Tracé 1","mn":"ADBE Vector Shape - Group","hd":false},{"ty":"fl","c":{"a":0,"k":[0.812928981407,0.966836727367,0.992463235294,1],"ix":4},"o":{"a":0,"k":100,"ix":5},"r":1,"bm":0,"nm":"Fond 1","mn":"ADBE Vector Graphic - Fill","hd":false},{"ty":"tr","p":{"a":0,"k":[20.308,35.781],"ix":2},"a":{"a":0,"k":[0,0],"ix":1},"s":{"a":0,"k":[100,100],"ix":3},"r":{"a":0,"k":0,"ix":6},"o":{"a":0,"k":100,"ix":7},"sk":{"a":0,"k":0,"ix":4},"sa":{"a":0,"k":0,"ix":5},"nm":"Transformer "}],"nm":"Groupe 2","np":2,"cix":2,"bm":0,"ix":2,"mn":"ADBE Vector Group","hd":false},{"ty":"gr","it":[{"ind":0,"ty":"sh","ix":1,"ks":{"a":0,"k":{"i":[[0,0],[0,0],[0,3.589],[0,0],[0,0]],"o":[[0,0],[3.589,0],[0,0],[0,0],[0,0]],"v":[[-4.835,4.835],[-1.663,4.835],[4.836,-1.663],[4.836,-4.835],[-4.835,-4.835]],"c":true},"ix":2},"nm":"Tracé 1","mn":"ADBE Vector Shape - Group","hd":false},{"ty":"fl","c":{"a":0,"k":[0.812928981407,0.966836727367,0.992463235294,1],"ix":4},"o":{"a":0,"k":100,"ix":5},"r":1,"bm":0,"nm":"Fond 1","mn":"ADBE Vector Graphic - Fill","hd":false},{"ty":"tr","p":{"a":0,"k":[35.781,35.78],"ix":2},"a":{"a":0,"k":[0,0],"ix":1},"s":{"a":0,"k":[100,100],"ix":3},"r":{"a":0,"k":0,"ix":6},"o":{"a":0,"k":100,"ix":7},"sk":{"a":0,"k":0,"ix":4},"sa":{"a":0,"k":0,"ix":5},"nm":"Transformer "}],"nm":"Groupe 3","np":4,"cix":2,"bm":0,"ix":3,"mn":"ADBE Vector Group","hd":false},{"ty":"gr","it":[{"ind":0,"ty":"sh","ix":1,"ks":{"a":0,"k":{"i":[[0,0],[0,0],[0,0],[0,0]],"o":[[0,0],[0,0],[0,0],[0,0]],"v":[[4.835,-4.835],[-4.835,-4.835],[-4.835,4.835],[4.835,4.835]],"c":true},"ix":2},"nm":"Tracé 1","mn":"ADBE Vector Shape - Group","hd":false},{"ty":"fl","c":{"a":0,"k":[0.812928981407,0.966836727367,0.992463235294,1],"ix":4},"o":{"a":0,"k":100,"ix":5},"r":1,"bm":0,"nm":"Fond 1","mn":"ADBE Vector Graphic - Fill","hd":false},{"ty":"tr","p":{"a":0,"k":[4.836,20.308],"ix":2},"a":{"a":0,"k":[0,0],"ix":1},"s":{"a":0,"k":[100,100],"ix":3},"r":{"a":0,"k":0,"ix":6},"o":{"a":0,"k":100,"ix":7},"sk":{"a":0,"k":0,"ix":4},"sa":{"a":0,"k":0,"ix":5},"nm":"Transformer "}],"nm":"Groupe 4","np":2,"cix":2,"bm":0,"ix":4,"mn":"ADBE Vector Group","hd":false},{"ty":"gr","it":[{"ind":0,"ty":"sh","ix":1,"ks":{"a":0,"k":{"i":[[0,0],[0,0],[0,-3.59],[0,0],[0,0]],"o":[[0,0],[-3.589,0],[0,0],[0,0],[0,0]],"v":[[4.835,-4.835],[1.663,-4.835],[-4.835,1.664],[-4.835,4.835],[4.835,4.835]],"c":true},"ix":2},"nm":"Tracé 1","mn":"ADBE Vector Shape - Group","hd":false},{"ty":"fl","c":{"a":0,"k":[0.812928981407,0.966836727367,0.992463235294,1],"ix":4},"o":{"a":0,"k":100,"ix":5},"r":1,"bm":0,"nm":"Fond 1","mn":"ADBE Vector Graphic - Fill","hd":false},{"ty":"tr","p":{"a":0,"k":[4.835,4.835],"ix":2},"a":{"a":0,"k":[0,0],"ix":1},"s":{"a":0,"k":[100,100],"ix":3},"r":{"a":0,"k":0,"ix":6},"o":{"a":0,"k":100,"ix":7},"sk":{"a":0,"k":0,"ix":4},"sa":{"a":0,"k":0,"ix":5},"nm":"Transformer "}],"nm":"Groupe 5","np":2,"cix":2,"bm":0,"ix":5,"mn":"ADBE Vector Group","hd":false},{"ty":"gr","it":[{"ind":0,"ty":"sh","ix":1,"ks":{"a":0,"k":{"i":[[3.589,0],[0,0],[0,0],[0,0],[0,0]],"o":[[0,0],[0,0],[0,0],[0,0],[0,-3.59]],"v":[[6.073,-12.572],[-12.572,-12.572],[-12.572,12.572],[12.572,12.572],[12.572,-6.072]],"c":true},"ix":2},"nm":"Tracé 1","mn":"ADBE Vector Shape - Group","hd":false},{"ty":"fl","c":{"a":0,"k":[0.812928981407,0.966836727367,0.992463235294,1],"ix":4},"o":{"a":0,"k":100,"ix":5},"r":1,"bm":0,"nm":"Fond 1","mn":"ADBE Vector Graphic - Fill","hd":false},{"ty":"tr","p":{"a":0,"k":[28.044,12.572],"ix":2},"a":{"a":0,"k":[0,0],"ix":1},"s":{"a":0,"k":[100,100],"ix":3},"r":{"a":0,"k":0,"ix":6},"o":{"a":0,"k":100,"ix":7},"sk":{"a":0,"k":0,"ix":4},"sa":{"a":0,"k":0,"ix":5},"nm":"Transformer "}],"nm":"Groupe 6","np":4,"cix":2,"bm":0,"ix":6,"mn":"ADBE Vector Group","hd":false},{"ty":"tr","p":{"a":0,"k":[130.602,43.734],"ix":2},"a":{"a":0,"k":[20.308,20.308],"ix":1},"s":{"a":0,"k":[62.863,62.863],"ix":3},"r":{"a":0,"k":0,"ix":6},"o":{"a":1,"k":[{"i":{"x":[0.833],"y":[0.833]},"o":{"x":[0.167],"y":[0.167]},"t":0,"s":[0]},{"i":{"x":[0.833],"y":[0.833]},"o":{"x":[0.167],"y":[0.167]},"t":21,"s":[0]},{"i":{"x":[0.833],"y":[0.833]},"o":{"x":[0.167],"y":[0.167]},"t":22,"s":[100]},{"i":{"x":[0.833],"y":[0.833]},"o":{"x":[0.167],"y":[0.167]},"t":54,"s":[100]},{"t":55,"s":[0]}],"ix":7},"sk":{"a":0,"k":0,"ix":4},"sa":{"a":0,"k":0,"ix":5},"nm":"Transformer "}],"nm":"Groupe 9","np":6,"cix":2,"bm":0,"ix":1,"mn":"ADBE Vector Group","hd":false},{"ty":"gr","it":[{"ind":0,"ty":"sh","ix":1,"ks":{"a":0,"k":{"i":[[-12.712,1.336],[-1.335,-12.702],[12.712,-1.336],[1.335,12.701]],"o":[[12.712,-1.336],[1.335,12.702],[-12.712,1.336],[-1.335,-12.702]],"v":[[-2.417,-22.999],[23.018,-2.419],[2.418,22.999],[-23.017,2.419]],"c":true},"ix":2},"nm":"Tracé 1","mn":"ADBE Vector Shape - Group","hd":false},{"ty":"st","c":{"a":0,"k":[0.816000007181,0.816000007181,0.816000007181,1],"ix":3},"o":{"a":0,"k":100,"ix":4},"w":{"a":0,"k":1.99,"ix":5},"lc":1,"lj":1,"ml":4,"bm":0,"nm":"Contour 1","mn":"ADBE Vector Graphic - Stroke","hd":false},{"ty":"tr","p":{"a":0,"k":[256.384,44.231],"ix":2},"a":{"a":0,"k":[0,0],"ix":1},"s":{"a":0,"k":[100,100],"ix":3},"r":{"a":0,"k":0,"ix":6},"o":{"a":0,"k":100,"ix":7},"sk":{"a":0,"k":0,"ix":4},"sa":{"a":0,"k":0,"ix":5},"nm":"Transformer "}],"nm":"Groupe 1","np":2,"cix":2,"bm":0,"ix":2,"mn":"ADBE Vector Group","hd":false},{"ty":"gr","it":[{"ind":0,"ty":"sh","ix":1,"ks":{"a":0,"k":{"i":[[-12.712,1.336],[-1.335,-12.702],[6.734,0],[4.902,-16.809]],"o":[[12.712,-1.336],[-8.889,-15.899],[-6.817,0],[-1.336,-12.701]],"v":[[-1.749,-12.04],[23.685,8.538],[-1.796,-7.54],[-22.35,13.376]],"c":true},"ix":2},"nm":"Tracé 1","mn":"ADBE Vector Shape - Group","hd":false},{"ty":"fl","c":{"a":0,"k":[0.917999985639,0.917999985639,0.917999985639,1],"ix":4},"o":{"a":0,"k":100,"ix":5},"r":1,"bm":0,"nm":"Fond 1","mn":"ADBE Vector Graphic - Fill","hd":false},{"ty":"tr","p":{"a":0,"k":[255.781,33.23],"ix":2},"a":{"a":0,"k":[0,0],"ix":1},"s":{"a":0,"k":[100,100],"ix":3},"r":{"a":0,"k":0,"ix":6},"o":{"a":0,"k":100,"ix":7},"sk":{"a":0,"k":0,"ix":4},"sa":{"a":0,"k":0,"ix":5},"nm":"Transformer "}],"nm":"Groupe 2","np":4,"cix":2,"bm":0,"ix":3,"mn":"ADBE Vector Group","hd":false},{"ty":"gr","it":[{"ind":0,"ty":"sh","ix":1,"ks":{"a":0,"k":{"i":[[-12.712,1.336],[-1.335,-12.702],[12.712,-1.336],[1.335,12.701]],"o":[[12.712,-1.336],[1.335,12.702],[-12.712,1.336],[-1.335,-12.702]],"v":[[-2.417,-22.999],[23.018,-2.419],[2.418,22.999],[-23.017,2.419]],"c":true},"ix":2},"nm":"Tracé 1","mn":"ADBE Vector Shape - Group","hd":false},{"ty":"fl","c":{"a":0,"k":[0.877999997606,0.877999997606,0.877999997606,1],"ix":4},"o":{"a":0,"k":100,"ix":5},"r":1,"bm":0,"nm":"Fond 1","mn":"ADBE Vector Graphic - Fill","hd":false},{"ty":"tr","p":{"a":0,"k":[256.384,44.231],"ix":2},"a":{"a":0,"k":[0,0],"ix":1},"s":{"a":0,"k":[100,100],"ix":3},"r":{"a":0,"k":0,"ix":6},"o":{"a":0,"k":100,"ix":7},"sk":{"a":0,"k":0,"ix":4},"sa":{"a":0,"k":0,"ix":5},"nm":"Transformer "}],"nm":"Groupe 3","np":4,"cix":2,"bm":0,"ix":4,"mn":"ADBE Vector Group","hd":false},{"ty":"gr","it":[{"ind":0,"ty":"sh","ix":1,"ks":{"a":0,"k":{"i":[[0,0],[0,0],[-0.002,-4.395],[0,0],[4.396,-0.002],[0,0],[0,0],[0.007,23.595],[-23.576,0.007]],"o":[[0,0],[4.394,0.002],[0,0],[0.002,4.397],[0,0],[0,0],[-23.594,-0.008],[-0.007,-23.576],[0,0]],"v":[[-104.003,-42.755],[138.72,-42.675],[146.679,-34.716],[146.709,34.791],[138.751,42.755],[138.746,42.755],[-103.977,42.675],[-146.704,-0.054],[-104.029,-42.755]],"c":true},"ix":2},"nm":"Tracé 1","mn":"ADBE Vector Shape - Group","hd":false},{"ty":"fl","c":{"a":0,"k":[0.866999966491,0.866999966491,0.866999966491,1],"ix":4},"o":{"a":0,"k":100,"ix":5},"r":1,"bm":0,"nm":"Fond 1","mn":"ADBE Vector Graphic - Fill","hd":false},{"ty":"tr","p":{"a":0,"k":[358.339,43.647],"ix":2},"a":{"a":0,"k":[0,0],"ix":1},"s":{"a":0,"k":[100,100],"ix":3},"r":{"a":0,"k":0,"ix":6},"o":{"a":0,"k":100,"ix":7},"sk":{"a":0,"k":0,"ix":4},"sa":{"a":0,"k":0,"ix":5},"nm":"Transformer "}],"nm":"Groupe 4","np":4,"cix":2,"bm":0,"ix":5,"mn":"ADBE Vector Group","hd":false},{"ty":"gr","it":[{"ind":0,"ty":"sh","ix":1,"ks":{"a":0,"k":{"i":[[-0.009,-0.006],[0,0],[1.802,-2.31],[0,0],[2.311,1.803],[0,0],[0,0],[-14.383,18.423],[-18.406,-14.369]],"o":[[0,0],[2.308,1.804],[0,0],[-1.804,2.31],[0,0],[0,0],[-18.413,-14.397],[14.369,-18.406],[0.008,0.006]],"v":[[-63.671,-32.024],[127.967,-8.768],[128.882,-1.321],[81.343,30.321],[17.493,40.416],[-107.327,40.58],[-115.745,34.679],[-123.04,-24.734],[-63.696,-32.043]],"c":true},"ix":2},"nm":"Tracé 1","mn":"ADBE Vector Shape - Group","hd":false},{"ty":"fl","c":{"a":0,"k":[0,0,0,1],"ix":4},"o":{"a":0,"k":100,"ix":5},"r":1,"bm":0,"nm":"Fond 1","mn":"ADBE Vector Graphic - Fill","hd":false},{"ty":"tr","p":{"a":0,"k":[341.873,45.001],"ix":2},"a":{"a":0,"k":[0,0],"ix":1},"s":{"a":0,"k":[100,100],"ix":3},"r":{"a":0,"k":0,"ix":6},"o":{"a":0,"k":100,"ix":7},"sk":{"a":0,"k":0,"ix":4},"sa":{"a":0,"k":0,"ix":5},"nm":"Transformer "}],"nm":"Groupe 5","np":4,"cix":2,"bm":0,"ix":6,"mn":"ADBE Vector Group","hd":false},{"ty":"gr","it":[{"ind":0,"ty":"sh","ix":1,"ks":{"a":0,"k":{"i":[[-12.712,1.336],[-1.335,-12.702],[12.712,-1.336],[1.335,12.702]],"o":[[12.712,-1.336],[1.335,12.702],[-12.712,1.336],[-1.335,-12.701]],"v":[[-2.417,-22.999],[23.018,-2.419],[2.417,22.999],[-23.018,2.419]],"c":true},"ix":2},"nm":"Tracé 1","mn":"ADBE Vector Shape - Group","hd":false},{"ty":"st","c":{"a":0,"k":[0.141000007181,0.141000007181,0.141000007181,1],"ix":3},"o":{"a":0,"k":100,"ix":4},"w":{"a":0,"k":2,"ix":5},"lc":1,"lj":1,"ml":4,"bm":0,"nm":"Contour 1","mn":"ADBE Vector Graphic - Stroke","hd":false},{"ty":"tr","p":{"a":0,"k":[43.453,42.694],"ix":2},"a":{"a":0,"k":[0,0],"ix":1},"s":{"a":0,"k":[100,100],"ix":3},"r":{"a":0,"k":0,"ix":6},"o":{"a":0,"k":100,"ix":7},"sk":{"a":0,"k":0,"ix":4},"sa":{"a":0,"k":0,"ix":5},"nm":"Transformer "}],"nm":"Groupe 6","np":2,"cix":2,"bm":0,"ix":7,"mn":"ADBE Vector Group","hd":false},{"ty":"gr","it":[{"ind":0,"ty":"sh","ix":1,"ks":{"a":0,"k":{"i":[[-12.712,1.336],[-1.335,-12.702],[6.734,0],[4.902,-16.809]],"o":[[12.712,-1.336],[-8.889,-15.899],[-6.817,0],[-1.335,-12.701]],"v":[[-1.853,-12.644],[23.582,7.935],[-1.899,-8.144],[-22.453,12.773]],"c":true},"ix":2},"nm":"Tracé 1","mn":"ADBE Vector Shape - Group","hd":false},{"ty":"fl","c":{"a":0,"k":[0.246999987434,0.246999987434,0.246999987434,1],"ix":4},"o":{"a":0,"k":100,"ix":5},"r":1,"bm":0,"nm":"Fond 1","mn":"ADBE Vector Graphic - Fill","hd":false},{"ty":"tr","p":{"a":0,"k":[42.889,31.34],"ix":2},"a":{"a":0,"k":[0,0],"ix":1},"s":{"a":0,"k":[100,100],"ix":3},"r":{"a":0,"k":0,"ix":6},"o":{"a":0,"k":100,"ix":7},"sk":{"a":0,"k":0,"ix":4},"sa":{"a":0,"k":0,"ix":5},"nm":"Transformer "}],"nm":"Groupe 7","np":4,"cix":2,"bm":0,"ix":8,"mn":"ADBE Vector Group","hd":false},{"ty":"gr","it":[{"ind":0,"ty":"sh","ix":1,"ks":{"a":0,"k":{"i":[[0,0],[0,0],[0,-4.396],[0,0],[0,0],[4.396,-0.001],[0,0],[0.001,4.396],[0,0],[0,0],[-4.396,0.001]],"o":[[0,0],[4.396,0],[0,0],[0,0],[0,4.396],[0,0],[-4.397,0],[0,0],[0,0],[0,-4.396],[0,0]],"v":[[-138.835,-42.275],[138.842,-42.3],[146.805,-34.34],[146.805,-34.339],[146.794,34.312],[138.834,42.272],[-138.842,42.3],[-146.805,34.34],[-146.805,34.339],[-146.794,-34.313],[-138.835,-42.273]],"c":true},"ix":2},"nm":"Tracé 1","mn":"ADBE Vector Shape - Group","hd":false},{"ty":"fl","c":{"a":0,"k":[0.219999994016,0.219999994016,0.219999994016,1],"ix":4},"o":{"a":0,"k":100,"ix":5},"r":1,"bm":0,"nm":"Fond 1","mn":"ADBE Vector Graphic - Fill","hd":false},{"ty":"tr","p":{"a":0,"k":[147.589,43.611],"ix":2},"a":{"a":0,"k":[0,0],"ix":1},"s":{"a":0,"k":[100,100],"ix":3},"r":{"a":0,"k":0,"ix":6},"o":{"a":0,"k":100,"ix":7},"sk":{"a":0,"k":0,"ix":4},"sa":{"a":0,"k":0,"ix":5},"nm":"Transformer "}],"nm":"Groupe 8","np":4,"cix":2,"bm":0,"ix":9,"mn":"ADBE Vector Group","hd":false}],"ip":0,"op":4125,"st":0,"bm":0},{"ddd":0,"ind":19,"ty":4,"nm":"USB","sr":1,"ks":{"o":{"a":0,"k":100,"ix":11},"r":{"a":0,"k":0,"ix":10},"p":{"a":1,"k":[{"i":{"x":0.752,"y":0.742},"o":{"x":0.553,"y":0},"t":8,"s":[71.5,250,0],"to":[0,0,0],"ti":[0,0,0]},{"i":{"x":0.507,"y":1},"o":{"x":0.122,"y":1},"t":14,"s":[238.861,250,0],"to":[0,0,0],"ti":[0,0,0]},{"i":{"x":0.26,"y":1},"o":{"x":0,"y":0},"t":17,"s":[249.5,250,0],"to":[0,0,0],"ti":[0,0,0]},{"i":{"x":1,"y":1},"o":{"x":0.221,"y":0.221},"t":19,"s":[239.5,250,0],"to":[0,0,0],"ti":[0,0,0]},{"i":{"x":0,"y":1},"o":{"x":0.167,"y":0},"t":132,"s":[239.5,250,0],"to":[-27.667,0,0],"ti":[28,0,0]},{"t":144,"s":[71.5,250,0]}],"ix":2},"a":{"a":0,"k":[143.5,19,0],"ix":1},"s":{"a":0,"k":[150.174,150.174,100],"ix":6}},"ao":0,"shapes":[{"ty":"gr","it":[{"ind":0,"ty":"sh","ix":1,"ks":{"a":0,"k":{"i":[[-2.762,0],[0,0],[0,-0.552],[0,0],[0.553,0],[0,0],[0,2.762],[0,0]],"o":[[0,0],[0.553,0],[0,0],[0,0.553],[0,0],[-2.762,0],[0,0],[0,-2.761]],"v":[[-17,-19],[21,-19],[22,-18],[22,18],[21,19],[-17,19],[-22,14],[-22,-14]],"c":true},"ix":2},"nm":"Tracé 1","mn":"ADBE Vector Shape - Group","hd":false},{"ty":"fl","c":{"a":0,"k":[0.179090073529,0.179090073529,0.179090073529,1],"ix":4},"o":{"a":0,"k":100,"ix":5},"r":1,"bm":0,"nm":"Fond 1","mn":"ADBE Vector Graphic - Fill","hd":false},{"ty":"tr","p":{"a":0,"k":[244,19],"ix":2},"a":{"a":0,"k":[0,0],"ix":1},"s":{"a":0,"k":[100,100],"ix":3},"r":{"a":0,"k":0,"ix":6},"o":{"a":0,"k":100,"ix":7},"sk":{"a":0,"k":0,"ix":4},"sa":{"a":0,"k":0,"ix":5},"nm":"Transformer "}],"nm":"Groupe 1","np":2,"cix":2,"bm":0,"ix":1,"mn":"ADBE Vector Group","hd":false},{"ty":"gr","it":[{"ind":0,"ty":"sh","ix":1,"ks":{"a":0,"k":{"i":[[-1.657,0],[0,0],[0,-1.657],[0,0],[1.657,0],[0,0],[0,1.657],[0,0]],"o":[[0,0],[1.657,0],[0,0],[0,1.657],[0,0],[-1.657,0],[0,0],[0,-1.657]],"v":[[-8,-9],[8,-9],[11,-6],[11,6],[8,9],[-8,9],[-11,6],[-11,-6]],"c":true},"ix":2},"nm":"Tracé 1","mn":"ADBE Vector Shape - Group","hd":false},{"ty":"fl","c":{"a":0,"k":[0.172999991623,0.172999991623,0.172999991623,1],"ix":4},"o":{"a":0,"k":100,"ix":5},"r":1,"bm":0,"nm":"Fond 1","mn":"ADBE Vector Graphic - Fill","hd":false},{"ty":"tr","p":{"a":0,"k":[223,19],"ix":2},"a":{"a":0,"k":[0,0],"ix":1},"s":{"a":0,"k":[100,100],"ix":3},"r":{"a":0,"k":0,"ix":6},"o":{"a":0,"k":100,"ix":7},"sk":{"a":0,"k":0,"ix":4},"sa":{"a":0,"k":0,"ix":5},"nm":"Transformer "}],"nm":"Groupe 2","np":2,"cix":2,"bm":0,"ix":2,"mn":"ADBE Vector Group","hd":false},{"ty":"gr","it":[{"ind":0,"ty":"sh","ix":1,"ks":{"a":0,"k":{"i":[[0,0],[0,0],[0,0],[0,0]],"o":[[0,0],[0,0],[0,0],[0,0]],"v":[[-6.5,-13],[6.5,-13],[6.5,13],[-6.5,13]],"c":true},"ix":2},"nm":"Tracé 1","mn":"ADBE Vector Shape - Group","hd":false},{"ty":"fl","c":{"a":0,"k":[0.819999964097,0.819999964097,0.819999964097,1],"ix":4},"o":{"a":0,"k":100,"ix":5},"r":1,"bm":0,"nm":"Fond 1","mn":"ADBE Vector Graphic - Fill","hd":false},{"ty":"tr","p":{"a":0,"k":[262.5,19],"ix":2},"a":{"a":0,"k":[0,0],"ix":1},"s":{"a":0,"k":[100,100],"ix":3},"r":{"a":0,"k":0,"ix":6},"o":{"a":0,"k":100,"ix":7},"sk":{"a":0,"k":0,"ix":4},"sa":{"a":0,"k":0,"ix":5},"nm":"Transformer "}],"nm":"Groupe 3","np":2,"cix":2,"bm":0,"ix":3,"mn":"ADBE Vector Group","hd":false},{"ty":"gr","it":[{"ind":0,"ty":"sh","ix":1,"ks":{"a":0,"k":{"i":[[-1.657,0],[0,0],[0,-1.657],[0,0],[1.657,0],[0,0],[0,1.657],[0,0]],"o":[[0,0],[1.657,0],[0,0],[0,1.657],[0,0],[-1.657,0],[0,0],[0,-1.657]],"v":[[-12.5,-13],[12.5,-13],[15.5,-10],[15.5,10],[12.5,13],[-12.5,13],[-15.5,10],[-15.5,-10]],"c":true},"ix":2},"nm":"Tracé 1","mn":"ADBE Vector Shape - Group","hd":false},{"ty":"fl","c":{"a":0,"k":[0.866999966491,0.866999966491,0.866999966491,1],"ix":4},"o":{"a":0,"k":100,"ix":5},"r":1,"bm":0,"nm":"Fond 1","mn":"ADBE Vector Graphic - Fill","hd":false},{"ty":"tr","p":{"a":0,"k":[271.5,19],"ix":2},"a":{"a":0,"k":[0,0],"ix":1},"s":{"a":0,"k":[100,100],"ix":3},"r":{"a":0,"k":0,"ix":6},"o":{"a":0,"k":100,"ix":7},"sk":{"a":0,"k":0,"ix":4},"sa":{"a":0,"k":0,"ix":5},"nm":"Transformer "}],"nm":"Groupe 4","np":2,"cix":2,"bm":0,"ix":4,"mn":"ADBE Vector Group","hd":false}],"ip":0,"op":4125,"st":0,"bm":0},{"ddd":0,"ind":20,"ty":4,"nm":"Cable","sr":1,"ks":{"o":{"a":0,"k":100,"ix":11},"r":{"a":0,"k":0,"ix":10},"p":{"a":0,"k":[800,247.5,0],"ix":2},"a":{"a":0,"k":[0,0,0],"ix":1},"s":{"a":0,"k":[100,100,100],"ix":6}},"ao":0,"shapes":[{"ty":"gr","it":[{"ind":0,"ty":"sh","ix":1,"ks":{"a":0,"k":{"i":[[0,0],[0,0]],"o":[[0,0],[0,0]],"v":[[-789.5,2.5],[-401,2.5]],"c":false},"ix":2},"nm":"Tracé 1","mn":"ADBE Vector Shape - Group","hd":false},{"ty":"st","c":{"a":0,"k":[0.20637254902,0.20637254902,0.20637254902,1],"ix":3},"o":{"a":0,"k":100,"ix":4},"w":{"a":0,"k":15,"ix":5},"lc":2,"lj":1,"ml":4,"bm":0,"nm":"Contour 1","mn":"ADBE Vector Graphic - Stroke","hd":false},{"ty":"fl","c":{"a":0,"k":[0.219607992733,0.219607992733,0.219607992733,1],"ix":4},"o":{"a":0,"k":100,"ix":5},"r":1,"bm":0,"nm":"Fond 1","mn":"ADBE Vector Graphic - Fill","hd":false},{"ty":"tr","p":{"a":0,"k":[0,0],"ix":2},"a":{"a":0,"k":[0,0],"ix":1},"s":{"a":0,"k":[100,100],"ix":3},"r":{"a":0,"k":0,"ix":6},"o":{"a":0,"k":100,"ix":7},"sk":{"a":0,"k":0,"ix":4},"sa":{"a":0,"k":0,"ix":5},"nm":"Transformer "}],"nm":"Forme 1","np":3,"cix":2,"bm":0,"ix":1,"mn":"ADBE Vector Group","hd":false},{"ty":"tm","s":{"a":0,"k":0,"ix":1},"e":{"a":1,"k":[{"i":{"x":[0.346],"y":[0.82]},"o":{"x":[0.74],"y":[0.115]},"t":0,"s":[50]},{"i":{"x":[0.833],"y":[1]},"o":{"x":[0.167],"y":[12.135]},"t":21,"s":[100]},{"i":{"x":[0.833],"y":[0.833]},"o":{"x":[0.167],"y":[0.167]},"t":132,"s":[100]},{"t":141,"s":[50]}],"ix":2},"o":{"a":0,"k":0,"ix":3},"m":1,"ix":2,"nm":"Réduire les tracés 1","mn":"ADBE Vector Filter - Trim","hd":false}],"ip":0,"op":4125,"st":0,"bm":0}],"markers":[],"chars":[{"ch":"E","size":18,"style":"Semi Bold","w":60.76,"data":{"shapes":[{"ty":"gr","it":[{"ind":0,"ty":"sh","ix":1,"ks":{"a":0,"k":{"i":[[0,0],[0,0],[0,0],[0,0],[0,0],[0,0],[0,0],[0,0],[0,0],[0,0],[0,0],[0,0]],"o":[[0,0],[0,0],[0,0],[0,0],[0,0],[0,0],[0,0],[0,0],[0,0],[0,0],[0,0],[0,0]],"v":[[7.089,0],[54.117,0],[54.117,-10.915],[20.11,-10.915],[20.11,-30.533],[51.414,-30.533],[51.414,-41.447],[20.11,-41.447],[20.11,-60.96],[53.836,-60.96],[53.836,-71.875],[7.089,-71.875]],"c":true},"ix":2},"nm":"E","mn":"ADBE Vector Shape - Group","hd":false}],"nm":"E","np":3,"cix":2,"bm":0,"ix":1,"mn":"ADBE Vector Group","hd":false}]},"fFamily":"Inter"},{"ch":"n","size":18,"style":"Semi Bold","w":60.97,"data":{"shapes":[{"ty":"gr","it":[{"ind":0,"ty":"sh","ix":1,"ks":{"a":0,"k":{"i":[[0,0],[-6.703,0],[0,-7.195],[0,0],[0,0],[0,0],[11.125,0],[2.457,-6.001],[0,0],[0,0],[0,0],[0,0],[0,0]],"o":[[0,-7.791],[6.563,0],[0,0],[0,0],[0,0],[0.035,-12.915],[-8.072,0],[0,0],[0,0],[0,0],[0,0],[0,0],[0,0]],"v":[[19.232,-31.586],[30.638,-43.869],[41.132,-32.358],[41.132,0],[53.836,0],[53.836,-34.323],[35.376,-54.608],[19.302,-44.746],[18.671,-44.746],[18.671,-53.906],[6.528,-53.906],[6.528,0],[19.232,0]],"c":true},"ix":2},"nm":"n","mn":"ADBE Vector Shape - Group","hd":false}],"nm":"n","np":3,"cix":2,"bm":0,"ix":1,"mn":"ADBE Vector Group","hd":false}]},"fFamily":"Inter"},{"ch":"t","size":18,"style":"Semi Bold","w":38,"data":{"shapes":[{"ty":"gr","it":[{"ind":0,"ty":"sh","ix":1,"ks":{"a":0,"k":{"i":[[0,0],[0,0],[0,0],[0,0],[0,0],[0,0],[0,0],[0,0],[0,0],[-9.546,0.281],[-1.369,0.456],[0,0],[1.579,0],[0,5.124],[0,0],[0,0]],"o":[[0,0],[0,0],[0,0],[0,0],[0,0],[0,0],[0,0],[0,0],[-0.07,10.143],[3.615,-0.105],[0,0],[-0.702,0.175],[-3.194,0],[0,0],[0,0],[0,0]],"v":[[33.446,-53.906],[22.812,-53.906],[22.812,-66.821],[10.107,-66.821],[10.107,-53.906],[2.457,-53.906],[2.457,-44.08],[10.107,-44.08],[10.107,-14.108],[26.953,0.737],[34.428,-0.526],[32.288,-10.458],[28.568,-9.967],[22.812,-16.214],[22.812,-44.08],[33.446,-44.08]],"c":true},"ix":2},"nm":"t","mn":"ADBE Vector Shape - Group","hd":false}],"nm":"t","np":3,"cix":2,"bm":0,"ix":1,"mn":"ADBE Vector Group","hd":false}]},"fFamily":"Inter"},{"ch":"e","size":18,"style":"Semi Bold","w":59.27,"data":{"shapes":[{"ty":"gr","it":[{"ind":0,"ty":"sh","ix":1,"ks":{"a":0,"k":{"i":[[-16.249,0],[-2.246,9.37],[0,0],[5.475,0],[0.105,9.23],[0,0],[0,0],[13.266,0],[0,-16.635]],"o":[[12.564,0],[0,0],[-1.72,4.562],[-8.212,0],[0,0],[0,0],[0,-18.916],[-15.442,0],[0,16.916]],"v":[[30.392,1.053],[53.836,-14.459],[41.974,-15.793],[30.568,-8.844],[16.811,-23.479],[54.362,-23.479],[54.362,-27.374],[29.726,-54.608],[4.211,-26.637]],"c":true},"ix":2},"nm":"e","mn":"ADBE Vector Shape - Group","hd":false},{"ind":1,"ty":"sh","ix":2,"ks":{"a":0,"k":{"i":[[0,0],[-7.581,0],[-0.07,-7.335]],"o":[[0.386,-6.879],[7.3,0],[0,0]],"v":[[16.846,-32.042],[29.901,-44.711],[42.184,-32.042]],"c":true},"ix":2},"nm":"e","mn":"ADBE Vector Shape - Group","hd":false}],"nm":"e","np":5,"cix":2,"bm":0,"ix":1,"mn":"ADBE Vector Group","hd":false}]},"fFamily":"Inter"},{"ch":"r","size":18,"style":"Semi Bold","w":41.37,"data":{"shapes":[{"ty":"gr","it":[{"ind":0,"ty":"sh","ix":1,"ks":{"a":0,"k":{"i":[[0,0],[0,0],[0,0],[-6.633,0],[-1.369,-0.632],[0,0],[2.913,0],[1.965,-6.247],[0,0],[0,0],[0,0]],"o":[[0,0],[0,0],[0,-6.808],[2.071,0],[0,0],[-1.895,-1.193],[-6.212,0],[0,0],[0,0],[0,0],[0,0]],"v":[[6.528,0],[19.232,0],[19.232,-31.691],[30.989,-43.307],[36.008,-42.184],[39.938,-52.713],[32.709,-54.678],[19.408,-44.922],[18.846,-44.922],[18.846,-53.906],[6.528,-53.906]],"c":true},"ix":2},"nm":"r","mn":"ADBE Vector Shape - Group","hd":false}],"nm":"r","np":3,"cix":2,"bm":0,"ix":1,"mn":"ADBE Vector Group","hd":false}]},"fFamily":"Inter"},{"ch":" ","size":18,"style":"Semi Bold","w":24.82,"data":{},"fFamily":"Inter"},{"ch":"P","size":18,"style":"Semi Bold","w":64.35,"data":{"shapes":[{"ty":"gr","it":[{"ind":0,"ty":"sh","ix":1,"ks":{"a":0,"k":{"i":[[0,0],[0,0],[0,0],[0,0],[0,13.828],[16.53,0],[0,0]],"o":[[0,0],[0,0],[0,0],[16.6,0],[0,-13.722],[0,0],[0,0]],"v":[[7.089,0],[20.11,0],[20.11,-24.286],[33.867,-24.286],[59.381,-48.08],[34.042,-71.875],[7.089,-71.875]],"c":true},"ix":2},"nm":"P","mn":"ADBE Vector Shape - Group","hd":false},{"ind":1,"ty":"sh","ix":2,"ks":{"a":0,"k":{"i":[[0,0],[0,0],[0,0],[0,-7.651],[9.686,0]],"o":[[0,0],[0,0],[9.756,0],[0,7.651],[0,0]],"v":[[20.11,-34.99],[20.11,-60.995],[32.042,-60.995],[46.115,-48.08],[32.112,-34.99]],"c":true},"ix":2},"nm":"P","mn":"ADBE Vector Shape - Group","hd":false}],"nm":"P","np":5,"cix":2,"bm":0,"ix":1,"mn":"ADBE Vector Group","hd":false}]},"fFamily":"Inter"},{"ch":"I","size":18,"style":"Semi Bold","w":27.49,"data":{"shapes":[{"ty":"gr","it":[{"ind":0,"ty":"sh","ix":1,"ks":{"a":0,"k":{"i":[[0,0],[0,0],[0,0],[0,0]],"o":[[0,0],[0,0],[0,0],[0,0]],"v":[[20.11,-71.875],[7.089,-71.875],[7.089,0],[20.11,0]],"c":true},"ix":2},"nm":"I","mn":"ADBE Vector Shape - Group","hd":false}],"nm":"I","np":3,"cix":2,"bm":0,"ix":1,"mn":"ADBE Vector Group","hd":false}]},"fFamily":"Inter"},{"ch":"N","size":18,"style":"Semi Bold","w":74.08,"data":{"shapes":[{"ty":"gr","it":[{"ind":0,"ty":"sh","ix":1,"ks":{"a":0,"k":{"i":[[0,0],[0,0],[0,0],[0,0],[0,0],[0,0],[0,0],[0,0],[0,0],[0,0],[0,0],[0,0]],"o":[[0,0],[0,0],[0,0],[0,0],[0,0],[0,0],[0,0],[0,0],[0,0],[0,0],[0,0],[0,0]],"v":[[66.154,-71.875],[53.204,-71.875],[53.204,-22.882],[52.573,-22.882],[18.741,-71.875],[7.089,-71.875],[7.089,0],[20.11,0],[20.11,-48.958],[20.706,-48.958],[54.573,0],[66.154,0]],"c":true},"ix":2},"nm":"N","mn":"ADBE Vector Shape - Group","hd":false}],"nm":"N","np":3,"cix":2,"bm":0,"ix":1,"mn":"ADBE Vector Group","hd":false}]},"fFamily":"Inter"},{"ch":"c","size":18,"style":"Semi Bold","w":57.74,"data":{"shapes":[{"ty":"gr","it":[{"ind":0,"ty":"sh","ix":1,"ks":{"a":0,"k":{"i":[[-16.109,0],[-0.912,11.441],[0,0],[5.58,0],[0,11.02],[-7.826,0],[-0.983,-5.194],[0,0],[13.161,0],[0,-16.46]],"o":[[13.547,0],[0,0],[-1.088,5.791],[-7.932,0],[0,-10.88],[6.107,0],[0,0],[-0.877,-11.687],[-15.793,0],[0,16.319]],"v":[[30.042,1.053],[53.134,-18.425],[40.991,-18.425],[30.147,-9.3],[17.091,-26.953],[30.147,-44.36],[40.991,-35.236],[53.134,-35.236],[29.971,-54.608],[4.211,-26.743]],"c":true},"ix":2},"nm":"c","mn":"ADBE Vector Shape - Group","hd":false}],"nm":"c","np":3,"cix":2,"bm":0,"ix":1,"mn":"ADBE Vector Group","hd":false}]},"fFamily":"Inter"},{"ch":"o","size":18,"style":"Semi Bold","w":60.8,"data":{"shapes":[{"ty":"gr","it":[{"ind":0,"ty":"sh","ix":1,"ks":{"a":0,"k":{"i":[[-15.793,0],[0,16.67],[15.793,0],[0,-16.705]],"o":[[15.793,0],[0,-16.705],[-15.793,0],[0,16.67]],"v":[[30.042,1.053],[55.872,-26.743],[30.042,-54.608],[4.211,-26.743]],"c":true},"ix":2},"nm":"o","mn":"ADBE Vector Shape - Group","hd":false},{"ind":1,"ty":"sh","ix":2,"ks":{"a":0,"k":{"i":[[8.598,0],[0,9.862],[-8.739,0],[0,-9.862]],"o":[[-8.739,0],[0,-9.862],[8.598,0],[0,9.862]],"v":[[30.112,-9.125],[17.091,-26.778],[30.112,-44.536],[42.992,-26.778]],"c":true},"ix":2},"nm":"o","mn":"ADBE Vector Shape - Group","hd":false}],"nm":"o","np":5,"cix":2,"bm":0,"ix":1,"mn":"ADBE Vector Group","hd":false}]},"fFamily":"Inter"},{"ch":"d","size":18,"style":"Semi Bold","w":63.03,"data":{"shapes":[{"ty":"gr","it":[{"ind":0,"ty":"sh","ix":1,"ks":{"a":0,"k":{"i":[[-12.704,0],[-2,3.931],[0,0],[0,0],[0,0],[0,0],[0,0],[0,0],[0,0],[9.511,0],[0,-17.969]],"o":[[9.265,0],[0,0],[0,0],[0,0],[0,0],[0,0],[0,0],[0,0],[-1.93,-3.896],[-12.459,0],[0,17.758]],"v":[[26.532,0.948],[41.974,-8.493],[42.746,-8.493],[42.746,0],[55.24,0],[55.24,-71.875],[42.5,-71.875],[42.5,-44.992],[41.974,-44.992],[26.567,-54.608],[4.317,-26.883]],"c":true},"ix":2},"nm":"d","mn":"ADBE Vector Shape - Group","hd":false},{"ind":1,"ty":"sh","ix":2,"ks":{"a":0,"k":{"i":[[8.107,0],[0,10.107],[-8.458,0],[0,-10.458]],"o":[[-8.388,0],[0,-10.037],[8.177,0],[0,10.458]],"v":[[30.077,-9.476],[17.267,-26.953],[30.077,-44.185],[42.746,-26.953]],"c":true},"ix":2},"nm":"d","mn":"ADBE Vector Shape - Group","hd":false}],"nm":"d","np":5,"cix":2,"bm":0,"ix":1,"mn":"ADBE Vector Group","hd":false}]},"fFamily":"Inter"},{"ch":"4","size":22,"style":"Semi Bold","w":66.58,"data":{"shapes":[{"ty":"gr","it":[{"ind":0,"ty":"sh","ix":1,"ks":{"a":0,"k":{"i":[[0,0],[0,0],[0,0],[0,0],[0,0],[0,0],[0,0],[0,0],[0,0],[0,0],[0,0]],"o":[[0,0],[0,0],[0,0],[0,0],[0,0],[0,0],[0,0],[0,0],[0,0],[0,0],[0,0]],"v":[[5.089,-13.336],[39.377,-13.336],[39.377,0],[51.801,0],[51.801,-13.336],[60.995,-13.336],[60.995,-24.04],[51.801,-24.04],[51.801,-71.875],[35.587,-71.875],[5.089,-23.689]],"c":true},"ix":2},"nm":"4","mn":"ADBE Vector Shape - Group","hd":false},{"ind":1,"ty":"sh","ix":2,"ks":{"a":0,"k":{"i":[[0,0],[0,0],[0,0],[0,0],[0,0]],"o":[[0,0],[0,0],[0,0],[0,0],[0,0]],"v":[[39.517,-24.04],[18.425,-24.04],[18.425,-24.602],[38.956,-57.135],[39.517,-57.135]],"c":true},"ix":2},"nm":"4","mn":"ADBE Vector Shape - Group","hd":false}],"nm":"4","np":5,"cix":2,"bm":0,"ix":1,"mn":"ADBE Vector Group","hd":false}]},"fFamily":"Inter"},{"ch":"-","size":22,"style":"Semi Bold","w":46.59,"data":{"shapes":[{"ty":"gr","it":[{"ind":0,"ty":"sh","ix":1,"ks":{"a":0,"k":{"i":[[0,0],[0,0],[0,0],[0,0]],"o":[[0,0],[0,0],[0,0],[0,0]],"v":[[39.201,-35.165],[6.844,-35.165],[6.844,-24.707],[39.201,-24.707]],"c":true},"ix":2},"nm":"-","mn":"ADBE Vector Shape - Group","hd":false}],"nm":"-","np":3,"cix":2,"bm":0,"ix":1,"mn":"ADBE Vector Group","hd":false}]},"fFamily":"Inter"}]}